FID,Join_Count,TARGET_FID,Id,osm_id,code,fclass,name,ref,oneway,maxspeed,layer,bridge,tunnel,pid,Lon,Lat
0,0,0,0,0,0,residential,,,B,0,0,F,F,1,120.4904715,31.32487446
1,0,0,0,0,0,residential,,,B,0,0,F,F,1,120.495415,31.3255864
2,0,0,0,0,0,residential,,,B,0,0,F,F,1,120.5003958,31.32602438
3,0,0,0,0,0,residential,,,B,0,0,F,F,1,120.5053766,31.32646237
4,0,0,0,0,0,residential,,,B,0,0,F,F,1,120.5103574,31.32690035
5,0,0,0,0,0,residential,,,B,0,0,F,F,1,120.5153382,31.32733834
6,0,0,0,0,0,residential,,,B,0,0,F,F,1,120.5203185,31.32778096
7,0,0,0,0,0,residential,,,B,0,0,F,F,1,120.5252878,31.32833409
8,0,0,0,0,0,residential,,,B,0,0,F,F,1,120.530269,31.32875915
9,0,0,0,0,0,residential,,,B,0,0,F,F,1,120.5352551,31.3291325
10,0,0,0,0,0,residential,,,B,0,0,F,F,1,120.5063323,31.30502188
11,0,0,0,0,0,residential,,,B,0,0,F,F,1,120.5113034,31.30555627
12,0,0,0,0,0,residential,,,B,0,0,F,F,1,120.516282,31.30600165
13,0,0,0,0,0,residential,,,B,0,0,F,F,1,120.5212561,31.30650936
14,0,0,0,0,0,residential,,,B,0,0,F,F,1,120.5262369,31.30694361
15,0,0,0,0,0,residential,,,B,0,0,F,F,1,120.5312015,31.30741585
16,0,0,0,0,0,residential,,,B,0,0,F,F,1,120.5361946,31.30767825
17,0,0,0,0,0,residential,,,B,0,0,F,F,1,120.541171,31.30814274
18,0,0,0,0,0,residential,,,B,0,0,F,F,1,120.515153,31.29674555
19,0,0,0,0,0,residential,,,B,0,0,F,F,1,120.5201468,31.29654901
20,0,0,0,0,0,residential,,,B,0,0,F,F,1,120.5251456,31.29665636
21,0,0,0,0,0,residential,,,B,0,0,F,F,1,120.5301428,31.2968247
22,0,0,0,0,0,residential,,,B,0,0,F,F,1,120.5351351,31.29702979
23,0,0,0,0,0,residential,,,B,0,0,F,F,1,120.5401238,31.29736618
24,0,0,0,0,0,residential,,,B,0,0,F,F,1,120.540142,31.32016278
25,0,0,0,0,0,residential,,,B,0,0,F,F,1,120.5351645,31.3196883
26,0,0,0,0,0,residential,,,B,0,0,F,F,1,120.5301871,31.31921383
27,0,0,0,0,0,residential,,,B,0,0,F,F,1,120.5252097,31.31873936
28,0,0,0,0,0,residential,,,B,0,0,F,F,1,120.530855,31.31458948
29,0,0,0,0,0,residential,,,B,0,0,F,F,1,120.535825,31.31509279
30,0,0,0,0,0,residential,,,B,0,0,F,F,1,120.5453416,31.28238622
31,0,0,0,0,0,residential,,,B,0,0,F,F,1,120.5406803,31.28059769
32,0,0,0,0,0,residential,,,B,0,0,F,F,1,120.5357266,31.27991896
33,0,0,0,0,0,residential,,,B,0,0,F,F,1,120.5335809,31.27440952
34,0,0,0,0,0,residential,,,B,0,0,F,F,1,120.5385757,31.2746357
35,0,0,0,0,0,residential,,,B,0,0,F,F,1,120.5435657,31.27494614
36,0,0,0,0,0,residential,,,B,0,0,F,F,1,120.5516891,31.25104345
37,0,0,0,0,0,residential,,,B,0,0,F,F,1,120.5469521,31.24945952
38,0,0,0,0,0,residential,,,B,0,0,F,F,1,120.5439042,31.24577894
39,0,0,0,0,0,residential,,,B,0,0,F,F,1,120.5398988,31.24320434
40,0,0,0,0,0,residential,,,B,0,0,F,F,1,120.5487944,31.2607353
41,0,0,0,0,0,residential,,,B,0,0,F,F,1,120.5438419,31.2602644
42,0,0,0,0,0,residential,,,B,0,0,F,F,1,120.5388786,31.25985401
43,0,0,0,0,0,residential,,,B,0,0,F,F,1,120.5408646,31.35800109
44,0,0,0,0,0,residential,,,B,0,0,F,F,1,120.5446751,31.35476386
45,0,0,0,0,0,residential,,,B,0,0,F,F,1,120.5483798,31.35140657
46,0,0,0,0,0,residential,,,B,0,0,F,F,1,120.5517339,31.34772046
47,0,0,0,0,0,residential,,,B,0,0,F,F,1,120.5549333,31.34388082
48,0,0,0,0,0,residential,,,B,0,0,F,F,1,120.5442623,31.28795519
49,0,0,0,0,0,residential,,,B,0,0,F,F,1,120.5407776,31.33124887
50,0,0,0,0,0,residential,,,B,0,0,F,F,1,120.541957,31.32914781
51,0,0,0,0,0,residential,,,B,0,0,F,F,1,120.5469263,31.32893124
52,0,0,0,0,0,residential,,,B,0,0,F,F,1,120.5516502,31.33017707
53,0,0,0,0,0,residential,,,B,0,0,F,F,1,120.555999,31.33264443
54,0,0,0,0,0,residential,,,B,0,0,F,F,1,120.5409754,31.32812336
55,0,0,0,0,0,residential,,,B,0,0,F,F,1,120.5412726,31.3231322
56,0,0,0,0,0,residential,,,B,0,0,F,F,1,120.5412566,31.31926479
57,0,0,0,0,0,residential,,,B,0,0,F,F,1,120.5465426,31.32092782
58,0,0,0,0,0,residential,,,B,0,0,F,F,1,120.5428597,31.31572249
59,0,0,0,0,0,residential,,,B,0,0,F,F,1,120.5420063,31.31464276
60,0,0,0,0,0,residential,,,B,0,0,F,F,1,120.5427021,31.30971735
61,0,0,0,0,0,residential,,,B,0,0,F,F,1,120.5427572,31.35110116
62,0,0,0,0,0,residential,,,B,0,0,F,F,1,120.5458396,31.34720587
63,0,0,0,0,0,residential,,,B,0,0,F,F,1,120.5492594,31.34356945
64,0,0,0,0,0,residential,,,B,0,0,F,F,1,120.5423611,31.30714466
65,0,0,0,0,0,residential,,,B,0,0,F,F,1,120.5440479,31.30247615
66,0,0,0,0,0,residential,,,B,0,0,F,F,1,120.5506323,31.25400021
67,0,0,0,0,0,residential,,,B,0,0,F,F,1,120.545977,31.25219768
68,0,0,0,0,0,residential,,,B,0,0,F,F,1,120.5434938,31.30815294
69,0,0,0,0,0,residential,,,B,0,0,F,F,1,120.5484384,31.30859711
70,0,0,0,0,0,residential,,,B,0,0,F,F,1,120.5520349,31.29872753
71,0,0,0,0,0,residential,,,B,0,0,F,F,1,120.5470857,31.29801672
72,0,0,0,0,0,residential,,,B,0,0,F,F,1,120.5448688,31.29668911
73,0,0,0,0,0,residential,,,B,0,0,F,F,1,120.5525078,31.29537187
74,0,0,0,0,0,residential,,,B,0,0,F,F,1,120.5475177,31.29505742
75,0,0,0,0,0,residential,,,B,0,0,F,F,1,120.5451018,31.29392278
76,0,0,0,0,0,residential,,,B,0,0,F,F,1,120.5455045,31.28725169
77,0,0,0,0,0,residential,,,B,0,0,F,F,1,120.5463514,31.28875934
78,0,0,0,0,0,residential,,,B,0,0,F,F,1,120.5511304,31.29012055
79,0,0,0,0,0,residential,,,B,0,0,F,F,1,120.5465269,31.2816833
80,0,0,0,0,0,residential,,,B,0,0,F,F,1,120.548329,31.27704681
81,0,0,0,0,0,residential,,,B,0,0,F,F,1,120.5473329,31.28286105
82,0,0,0,0,0,residential,,,B,0,0,F,F,1,120.5523156,31.28321873
83,0,0,0,0,0,residential,,,B,0,0,F,F,1,120.5466993,31.32786843
84,0,0,0,0,0,residential,,,B,0,0,F,F,1,120.5473406,31.32290972
85,0,0,0,0,0,residential,,,B,0,0,F,F,1,120.5542249,31.32118159
86,0,0,0,0,0,residential,,,B,0,0,F,F,1,120.5492259,31.32108123
87,0,0,0,0,0,residential,,,B,0,0,F,F,1,120.5477305,31.31998207
88,0,0,0,0,0,residential,,,B,0,0,F,F,1,120.5492324,31.31593034
89,0,0,0,0,0,residential,,,B,0,0,F,F,1,120.5542056,31.31644725
90,0,0,0,0,0,residential,,,B,0,0,F,F,1,120.5483621,31.31483472
91,0,0,0,0,0,residential,,,B,0,0,F,F,1,120.5491474,31.30991042
92,0,0,0,0,0,residential,,,B,0,0,F,F,1,120.5499711,31.27526526
93,0,0,0,0,0,residential,,,B,0,0,F,F,1,120.554963,31.27554943
94,0,0,0,0,0,residential,,,B,0,0,F,F,1,120.5490686,31.27414302
95,0,0,0,0,0,residential,,,B,0,0,F,F,1,120.5495083,31.26916239
96,0,0,0,0,0,residential,,,B,0,0,F,F,1,120.5497789,31.26417047
97,0,0,0,0,0,residential,,,B,0,0,F,F,1,120.5499395,31.25986691
98,0,0,0,0,0,residential,,,B,0,0,F,F,1,120.5592377,31.30875469
99,0,0,0,0,0,residential,,,B,0,0,F,F,1,120.5542989,31.30925876
100,0,0,0,0,0,residential,,,B,0,0,F,F,1,120.5500623,31.30772986
101,0,0,0,0,0,residential,,,B,0,0,F,F,1,120.5520703,31.3031508
102,0,0,0,0,0,residential,,,B,0,0,F,F,1,120.550994,31.26133411
103,0,0,0,0,0,residential,,,B,0,0,F,F,1,120.5558341,31.26253741
104,0,0,0,0,0,residential,,,B,0,0,F,F,1,120.5512293,31.3553827
105,0,0,0,0,0,residential,,,B,0,0,F,F,1,120.554916,31.3520051
106,0,0,0,0,0,residential,,,B,0,0,F,F,1,120.5586027,31.3486275
107,0,0,0,0,0,residential,,,B,0,0,F,F,1,120.5622894,31.34524989
108,0,0,0,0,0,residential,,,B,0,0,F,F,1,120.5566887,31.25533786
109,0,0,0,0,0,residential,,,B,0,0,F,F,1,120.5520302,31.25324208
110,0,0,0,0,0,residential,,,B,0,0,F,F,1,120.552907,31.33909097
111,0,0,0,0,0,residential,,,B,0,0,F,F,1,120.5528282,31.34056069
112,0,0,0,0,0,residential,,,B,0,0,F,F,1,120.5535905,31.25151813
113,0,0,0,0,0,residential,,,B,0,0,F,F,1,120.5616461,31.29985996
114,0,0,0,0,0,residential,,,B,0,0,F,F,1,120.5566946,31.2991851
115,0,0,0,0,0,residential,,,B,0,0,F,F,1,120.5532187,31.29783279
116,0,0,0,0,0,residential,,,B,0,0,F,F,1,120.5627898,31.29602668
117,0,0,0,0,0,residential,,,B,0,0,F,F,1,120.5577998,31.29571015
118,0,0,0,0,0,residential,,,B,0,0,F,F,1,120.5544859,31.29133789
119,0,0,0,0,0,residential,,,B,0,0,F,F,1,120.5556777,31.34144977
120,0,0,0,0,0,residential,,,B,0,0,F,F,1,120.5582923,31.33595063
121,0,0,0,0,0,residential,,,B,0,0,F,F,1,120.56448,31.29122939
122,0,0,0,0,0,residential,,,B,0,0,F,F,1,120.5595268,31.29062781
123,0,0,0,0,0,residential,,,B,0,0,F,F,1,120.5548593,31.28924834
124,0,0,0,0,0,residential,,,B,0,0,F,F,1,120.5553922,31.28427682
125,0,0,0,0,0,residential,,,B,0,0,F,F,1,120.563367,31.32562797
126,0,0,0,0,0,residential,,,B,0,0,F,F,1,120.558959,31.32326798
127,0,0,0,0,0,residential,,,B,0,0,F,F,1,120.5556155,31.32023124
128,0,0,0,0,0,residential,,,B,0,0,F,F,1,120.5671618,31.2851974
129,0,0,0,0,0,residential,,,B,0,0,F,F,1,120.5622333,31.28435431
130,0,0,0,0,0,residential,,,B,0,0,F,F,1,120.5573049,31.28351123
131,0,0,0,0,0,residential,,,B,0,0,F,F,1,120.5556229,31.28226573
132,0,0,0,0,0,residential,,,B,0,0,F,F,1,120.5562365,31.27730459
133,0,0,0,0,0,residential,,,B,0,0,F,F,1,120.5569934,31.27239295
134,0,0,0,0,0,residential,,,B,0,0,F,F,1,120.5576387,31.26743477
135,0,0,0,0,0,residential,,,B,0,0,F,F,1,120.5562041,31.26157115
136,0,0,0,0,0,residential,,,B,0,0,F,F,1,120.5574995,31.25674228
137,0,0,0,0,0,residential,,,B,0,0,F,F,1,120.55707,31.34519079
138,0,0,0,0,0,residential,,,B,0,0,F,F,1,120.5571228,31.34155353
139,0,0,0,0,0,residential,,,B,0,0,F,F,1,120.5577026,31.31608828
140,0,0,0,0,0,residential,,,B,0,0,F,F,1,120.5598883,31.31159519
141,0,0,0,0,0,residential,,,B,0,0,F,F,1,120.5582342,31.25401403
142,0,0,0,0,0,residential,,,B,0,0,F,F,1,120.5673663,31.26401108
143,0,0,0,0,0,residential,,,B,0,0,F,F,1,120.5623762,31.2638064
144,0,0,0,0,0,residential,,,B,0,0,F,F,1,120.5688598,31.25897597
145,0,0,0,0,0,residential,,,B,0,0,F,F,1,120.5640442,31.25772714
146,0,0,0,0,0,residential,,,B,0,0,F,F,1,120.5604462,31.2542918
147,0,0,0,0,0,residential,,,B,0,0,F,F,1,120.5605768,31.33682726
148,0,0,0,0,0,residential,,,B,0,0,F,F,1,120.5703187,31.30958466
149,0,0,0,0,0,residential,,,B,0,0,F,F,1,120.5653406,31.30917608
150,0,0,0,0,0,residential,,,B,0,0,F,F,1,120.560631,31.30746816
151,0,0,0,0,0,residential,,,B,0,0,F,F,1,120.5619752,31.30265231
152,0,0,0,0,0,residential,,,B,0,0,F,F,1,120.5633791,31.29788558
153,0,0,0,0,0,residential,,,B,0,0,F,F,1,120.5650077,31.34155303
154,0,0,0,0,0,residential,,,B,0,0,F,F,1,120.5620545,31.33684983
155,0,0,0,0,0,residential,,,B,0,0,F,F,1,120.5657284,31.33346097
156,0,0,0,0,0,residential,,,B,0,0,F,F,1,120.5733367,31.29831542
157,0,0,0,0,0,residential,,,B,0,0,F,F,1,120.5685918,31.29681558
158,0,0,0,0,0,residential,,,B,0,0,F,F,1,120.5642534,31.29504795
159,0,0,0,0,0,residential,,,B,0,0,F,F,1,120.5660625,31.29042579
160,0,0,0,0,0,residential,,,B,0,0,F,F,1,120.5646372,31.32706375
161,0,0,0,0,0,residential,,,B,0,0,F,F,1,120.5652401,31.32607764
162,0,0,0,0,0,residential,,,B,0,0,F,F,1,120.5665747,31.34212744
163,0,0,0,0,0,residential,,,B,0,0,F,F,1,120.5672282,31.34708482
164,0,0,0,0,0,residential,,,B,0,0,F,F,1,120.5713754,31.34455188
165,0,0,0,0,0,residential,,,B,0,0,F,F,1,120.5686775,31.32862072
166,0,0,0,0,0,residential,,,B,0,0,F,F,1,120.5684982,31.32428504
167,0,0,0,0,0,residential,,,B,0,0,F,F,1,120.5699647,31.31951189
168,0,0,0,0,0,residential,,,B,0,0,F,F,1,120.5714168,31.27057924
169,0,0,0,0,0,residential,,,B,0,0,F,F,1,120.5698139,31.26597951
170,0,0,0,0,0,residential,,,B,0,0,F,F,1,120.5686867,31.263233
171,0,0,0,0,0,residential,,,B,0,0,F,F,1,120.569465,31.28548122
172,0,0,0,0,0,residential,,,B,0,0,F,F,1,120.5743802,31.28531255
173,0,0,0,0,0,residential,,,B,0,0,F,F,1,120.5687667,31.28431018
174,0,0,0,0,0,residential,,,B,0,0,F,F,1,120.5708248,31.27975344
175,0,0,0,0,0,residential,,,B,0,0,F,F,1,120.5724878,31.27506357
176,0,0,0,0,0,residential,,,B,0,0,F,F,1,120.569438,31.3273497
177,0,0,0,0,0,residential,,,B,0,0,F,F,1,120.5716647,31.33983419
178,0,0,0,0,0,residential,,,B,0,0,F,F,1,120.5699104,31.335164
179,0,0,0,0,0,residential,,,B,0,0,F,F,1,120.5727159,31.33194447
180,0,0,0,0,0,residential,,,B,0,0,F,F,1,120.5868565,31.26603627
181,0,0,0,0,0,residential,,,B,0,0,F,F,1,120.5819066,31.2653297
182,0,0,0,0,0,residential,,,B,0,0,F,F,1,120.5773561,31.26345952
183,0,0,0,0,0,residential,,,B,0,0,F,F,1,120.5732588,31.26059491
184,0,0,0,0,0,residential,,,B,0,0,F,F,1,120.5712246,31.32790589
185,0,0,0,0,0,residential,,,B,0,0,F,F,1,120.5835757,31.31858898
186,0,0,0,0,0,residential,,,B,0,0,F,F,1,120.5785922,31.31818341
187,0,0,0,0,0,residential,,,B,0,0,F,F,1,120.5736011,31.31788499
188,0,0,0,0,0,residential,,,B,0,0,F,F,1,120.5703157,31.31465535
189,0,0,0,0,0,residential,,,B,0,0,F,F,1,120.584452,31.31498762
190,0,0,0,0,0,residential,,,B,0,0,F,F,1,120.5794772,31.31448639
191,0,0,0,0,0,residential,,,B,0,0,F,F,1,120.5744909,31.31412526
192,0,0,0,0,0,residential,,,B,0,0,F,F,1,120.5705055,31.31270815
193,0,0,0,0,0,residential,,,B,0,0,F,F,1,120.5725488,31.30971072
194,0,0,0,0,0,residential,,,B,0,0,F,F,1,120.5775413,31.30998401
195,0,0,0,0,0,residential,,,B,0,0,F,F,1,120.5825339,31.3102573
196,0,0,0,0,0,residential,,,B,0,0,F,F,1,120.5717615,31.30854787
197,0,0,0,0,0,residential,,,B,0,0,F,F,1,120.5842341,31.3408844
198,0,0,0,0,0,residential,,,B,0,0,F,F,1,120.5792351,31.34078377
199,0,0,0,0,0,residential,,,B,0,0,F,F,1,120.5742363,31.34071318
200,0,0,0,0,0,residential,,,B,0,0,F,F,1,120.5731392,31.27145002
201,0,0,0,0,0,residential,,,B,0,0,F,F,1,120.5778712,31.27302512
202,0,0,0,0,0,residential,,,B,0,0,F,F,1,120.5828109,31.27379578
203,0,0,0,0,0,residential,,,B,0,0,F,F,1,120.5742229,31.30377537
204,0,0,0,0,0,residential,,,B,0,0,F,F,1,120.5791869,31.30437397
205,0,0,0,0,0,residential,,,B,0,0,F,F,1,120.5841572,31.3049181
206,0,0,0,0,0,residential,,,B,0,0,F,F,1,120.5733491,31.30260414
207,0,0,0,0,0,residential,,,B,0,0,F,F,1,120.5869344,31.29996073
208,0,0,0,0,0,residential,,,B,0,0,F,F,1,120.5819712,31.29935547
209,0,0,0,0,0,residential,,,B,0,0,F,F,1,120.5770079,31.29875022
210,0,0,0,0,0,residential,,,B,0,0,F,F,1,120.574661,31.29738367
211,0,0,0,0,0,residential,,,B,0,0,F,F,1,120.5759206,31.29254493
212,0,0,0,0,0,residential,,,B,0,0,F,F,1,120.5782808,31.28818753
213,0,0,0,0,0,residential,,,B,0,0,F,F,1,120.5753318,31.32833325
214,0,0,0,0,0,residential,,,B,0,0,F,F,1,120.5860152,31.334616
215,0,0,0,0,0,residential,,,B,0,0,F,F,1,120.5810788,31.33416623
216,0,0,0,0,0,residential,,,B,0,0,F,F,1,120.5765084,31.33231512
217,0,0,0,0,0,residential,,,B,0,0,F,F,1,120.5836121,31.3264717
218,0,0,0,0,0,residential,,,B,0,0,F,F,1,120.5786344,31.3267559
219,0,0,0,0,0,residential,,,B,0,0,F,F,1,120.5759338,31.3260753
220,0,0,0,0,0,residential,,,B,0,0,F,F,1,120.5805271,31.32415167
221,0,0,0,0,0,residential,,,B,0,0,F,F,1,120.58834,31.29339079
222,0,0,0,0,0,residential,,,B,0,0,F,F,1,120.5839695,31.29119272
223,0,0,0,0,0,residential,,,B,0,0,F,F,1,120.5801445,31.28797761
224,0,0,0,0,0,residential,,,B,0,0,F,F,1,120.5798685,31.28650283
225,0,0,0,0,0,residential,,,B,0,0,F,F,1,120.5833324,31.282897
226,0,0,0,0,0,residential,,,B,0,0,F,F,1,120.5867743,31.27927175
227,0,0,0,0,0,residential,,,B,0,0,F,F,1,120.5846809,31.32541409
228,0,0,0,0,0,residential,,,B,0,0,F,F,1,120.5845597,31.31936813
229,0,0,0,0,0,residential,,,B,0,0,F,F,1,120.5940274,31.32836665
230,0,0,0,0,0,residential,,,B,0,0,F,F,1,120.5891278,31.32737133
231,0,0,0,0,0,residential,,,B,0,0,F,F,1,120.5855737,31.34612893
232,0,0,0,0,0,residential,,,B,0,0,F,F,1,120.5903571,31.34104408
233,0,0,0,0,0,residential,,,B,0,0,F,F,1,120.5944631,31.31588111
234,0,0,0,0,0,residential,,,B,0,0,F,F,1,120.5894867,31.31545096
235,0,0,0,0,0,residential,,,B,0,0,F,F,1,120.5860974,31.31152372
236,0,0,0,0,0,residential,,,B,0,0,F,F,1,120.5950737,31.31205651
237,0,0,0,0,0,residential,,,B,0,0,F,F,1,120.5901364,31.31130168
238,0,0,0,0,0,residential,,,B,0,0,F,F,1,120.5864948,31.3095174
239,0,0,0,0,0,residential,,,B,0,0,F,F,1,120.5868028,31.27332569
240,0,0,0,0,0,residential,,,B,0,0,F,F,1,120.587399,31.26839869
241,0,0,0,0,0,residential,,,B,0,0,F,F,1,120.5960407,31.27840097
242,0,0,0,0,0,residential,,,B,0,0,F,F,1,120.5915918,31.27613414
243,0,0,0,0,0,residential,,,B,0,0,F,F,1,120.5873845,31.27733183
244,0,0,0,0,0,residential,,,B,0,0,F,F,1,120.5903457,31.33751099
245,0,0,0,0,0,residential,,,B,0,0,F,F,1,120.5877384,31.33370578
246,0,0,0,0,0,residential,,,B,0,0,F,F,1,120.5919002,31.3309548
247,0,0,0,0,0,residential,,,B,0,0,F,F,1,120.5985248,31.27302206
248,0,0,0,0,0,residential,,,B,0,0,F,F,1,120.5936679,31.27213226
249,0,0,0,0,0,residential,,,B,0,0,F,F,1,120.5887715,31.27133063
250,0,0,0,0,0,residential,,,B,0,0,F,F,1,120.5959883,31.30602933
251,0,0,0,0,0,residential,,,B,0,0,F,F,1,120.5910095,31.30556906
252,0,0,0,0,0,residential,,,B,0,0,F,F,1,120.5872864,31.30417793
253,0,0,0,0,0,residential,,,B,0,0,F,F,1,120.5947054,31.28058939
254,0,0,0,0,0,residential,,,B,0,0,F,F,1,120.589996,31.27890971
255,0,0,0,0,0,residential,,,B,0,0,F,F,1,120.5988087,31.26747904
256,0,0,0,0,0,residential,,,B,0,0,F,F,1,120.5938378,31.26694009
257,0,0,0,0,0,residential,,,B,0,0,F,F,1,120.5881371,31.26516062
258,0,0,0,0,0,residential,,,B,0,0,F,F,1,120.5918669,31.26284046
259,0,0,0,0,0,residential,,,B,0,0,F,F,1,120.5968602,31.26258195
260,0,0,0,0,0,residential,,,B,0,0,F,F,1,120.6002147,31.30165223
261,0,0,0,0,0,residential,,,B,0,0,F,F,1,120.595257,31.30100365
262,0,0,0,0,0,residential,,,B,0,0,F,F,1,120.5902992,31.30035507
263,0,0,0,0,0,residential,,,B,0,0,F,F,1,120.588111,31.29906036
264,0,0,0,0,0,residential,,,B,0,0,F,F,1,120.6006939,31.30008612
265,0,0,0,0,0,residential,,,B,0,0,F,F,1,120.5975274,31.29631889
266,0,0,0,0,0,residential,,,B,0,0,F,F,1,120.5929572,31.29432659
267,0,0,0,0,0,residential,,,B,0,0,F,F,1,120.5902914,31.29259598
268,0,0,0,0,0,residential,,,B,0,0,F,F,1,120.5908866,31.34700105
269,0,0,0,0,0,residential,,,B,0,0,F,F,1,120.591549,31.33450254
270,0,0,0,0,0,residential,,,B,0,0,F,F,1,120.5913479,31.34006981
271,0,0,0,0,0,residential,,,B,0,0,F,F,1,120.5998449,31.33851365
272,0,0,0,0,0,residential,,,B,0,0,F,F,1,120.5948571,31.33816513
273,0,0,0,0,0,residential,,,B,0,0,F,F,1,120.5988453,31.34204755
274,0,0,0,0,0,residential,,,B,0,0,F,F,1,120.5938882,31.34139374
275,0,0,0,0,0,residential,,,B,0,0,F,F,1,120.5923845,31.3328998
276,0,0,0,0,0,residential,,,B,0,0,F,F,1,120.6064137,31.29216783
277,0,0,0,0,0,residential,,,B,0,0,F,F,1,120.6015102,31.29121454
278,0,0,0,0,0,residential,,,B,0,0,F,F,1,120.5966759,31.28995709
279,0,0,0,0,0,residential,,,B,0,0,F,F,1,120.5943626,31.28752519
280,0,0,0,0,0,residential,,,B,0,0,F,F,1,120.5952463,31.28260927
281,0,0,0,0,0,residential,,,B,0,0,F,F,1,120.6009728,31.33338728
282,0,0,0,0,0,residential,,,B,0,0,F,F,1,120.5960517,31.33251342
283,0,0,0,0,0,residential,,,B,0,0,F,F,1,120.6004087,31.33122603
284,0,0,0,0,0,residential,,,B,0,0,F,F,1,120.5955112,31.3308648
285,0,0,0,0,0,residential,,,B,0,0,F,F,1,120.598898,31.32480981
286,0,0,0,0,0,residential,,,B,0,0,F,F,1,120.5965619,31.32049383
287,0,0,0,0,0,residential,,,B,0,0,F,F,1,120.6000859,31.32950367
288,0,0,0,0,0,residential,,,B,0,0,F,F,1,120.5958472,31.32759333
289,0,0,0,0,0,residential,,,B,0,0,F,F,1,120.6089386,31.31834286
290,0,0,0,0,0,residential,,,B,0,0,F,F,1,120.603995,31.31763505
291,0,0,0,0,0,residential,,,B,0,0,F,F,1,120.599124,31.316632
292,0,0,0,0,0,residential,,,B,0,0,F,F,1,120.5956956,31.31501408
293,0,0,0,0,0,residential,,,B,0,0,F,F,1,120.5982967,31.2817854
294,0,0,0,0,0,residential,,,B,0,0,F,F,1,120.5961938,31.28001975
295,0,0,0,0,0,residential,,,B,0,0,F,F,1,120.5963109,31.31129812
296,0,0,0,0,0,residential,,,B,0,0,F,F,1,120.6102582,31.31229475
297,0,0,0,0,0,residential,,,B,0,0,F,F,1,120.6053087,31.31158864
298,0,0,0,0,0,residential,,,B,0,0,F,F,1,120.6004139,31.31058998
299,0,0,0,0,0,residential,,,B,0,0,F,F,1,120.6012261,31.3064912
300,0,0,0,0,0,residential,,,B,0,0,F,F,1,120.598428,31.27908169
301,0,0,0,0,0,residential,,,B,0,0,F,F,1,120.5978294,31.27781247
302,0,0,0,0,0,residential,,,B,0,0,F,F,1,120.5986416,31.34544809
303,0,0,0,0,0,residential,,,B,0,0,F,F,1,120.5995068,31.27816966
304,0,0,0,0,0,residential,,,B,0,0,F,F,1,120.5993624,31.27552561
305,0,0,0,0,0,residential,,,B,0,0,F,F,1,120.6071085,31.28471371
306,0,0,0,0,0,residential,,,B,0,0,F,F,1,120.6023628,31.28313947
307,0,0,0,0,0,residential,,,B,0,0,F,F,1,120.5994286,31.28097174
308,0,0,0,0,0,residential,,,B,0,0,F,F,1,120.5995648,31.27209857
309,0,0,0,0,0,residential,,,B,0,0,F,F,1,120.6081393,31.28031073
310,0,0,0,0,0,residential,,,B,0,0,F,F,1,120.6031782,31.27968844
311,0,0,0,0,0,residential,,,B,0,0,F,F,1,120.6005725,31.25497551
312,0,0,0,0,0,residential,,,B,0,0,F,F,1,120.6055725,31.25498514
313,0,0,0,0,0,residential,,,B,0,0,F,F,1,120.6001344,31.26149522
314,0,0,0,0,0,residential,,,B,0,0,F,F,1,120.5994572,31.25665249
315,0,0,0,0,0,residential,,,B,0,0,F,F,1,120.600196,31.25177732
316,0,0,0,0,0,residential,,,B,0,0,F,F,1,120.6026401,31.2474181
317,0,0,0,0,0,residential,,,B,0,0,F,F,1,120.604519,31.24279343
318,0,0,0,0,0,residential,,,B,0,0,F,F,1,120.6088403,31.27415609
319,0,0,0,0,0,residential,,,B,0,0,F,F,1,120.603868,31.27363709
320,0,0,0,0,0,residential,,,B,0,0,F,F,1,120.601023,31.32842275
321,0,0,0,0,0,residential,,,B,0,0,F,F,1,120.6004707,31.32483268
322,0,0,0,0,0,residential,,,B,0,0,F,F,1,120.5998799,31.2665525
323,0,0,0,0,0,residential,,,B,0,0,F,F,1,120.6093649,31.26878062
324,0,0,0,0,0,residential,,,B,0,0,F,F,1,120.6044071,31.26813264
325,0,0,0,0,0,residential,,,B,0,0,F,F,1,120.6083834,31.34284237
326,0,0,0,0,0,residential,,,B,0,0,F,F,1,120.6033995,31.34253773
327,0,0,0,0,0,residential,,,B,0,0,F,F,1,120.6003385,31.34112692
328,0,0,0,0,0,residential,,,B,0,0,F,F,1,120.6015571,31.33630739
329,0,0,0,0,0,residential,,,B,0,0,F,F,1,120.6013153,31.26247374
330,0,0,0,0,0,residential,,,B,0,0,F,F,1,120.6063153,31.262455
331,0,0,0,0,0,residential,,,B,0,0,F,F,1,120.6033192,31.30200983
332,0,0,0,0,0,residential,,,B,0,0,F,F,1,120.6023315,31.32961103
333,0,0,0,0,0,residential,,,B,0,0,F,F,1,120.607302,31.33004748
334,0,0,0,0,0,residential,,,B,0,0,F,F,1,120.60238,31.30079955
335,0,0,0,0,0,residential,,,B,0,0,F,F,1,120.6018941,31.33245009
336,0,0,0,0,0,residential,,,B,0,0,F,F,1,120.6100483,31.3348783
337,0,0,0,0,0,residential,,,B,0,0,F,F,1,120.605126,31.33400026
338,0,0,0,0,0,residential,,,B,0,0,F,F,1,120.6112855,31.30747301
339,0,0,0,0,0,residential,,,B,0,0,F,F,1,120.6063214,31.3068882
340,0,0,0,0,0,residential,,,B,0,0,F,F,1,120.6025594,31.30547916
341,0,0,0,0,0,residential,,,B,0,0,F,F,1,120.6119886,31.30265118
342,0,0,0,0,0,residential,,,B,0,0,F,F,1,120.6070034,31.30228259
343,0,0,0,0,0,residential,,,B,0,0,F,F,1,120.6048785,31.30017905
344,0,0,0,0,0,residential,,,B,0,0,F,F,1,120.6064035,31.29542538
345,0,0,0,0,0,residential,,,B,0,0,F,F,1,120.6111852,31.32912947
346,0,0,0,0,0,residential,,,B,0,0,F,F,1,120.606402,31.32793166
347,0,0,0,0,0,residential,,,B,0,0,F,F,1,120.605151,31.32459087
348,0,0,0,0,0,residential,,,B,0,0,F,F,1,120.6143439,31.32291032
349,0,0,0,0,0,residential,,,B,0,0,F,F,1,120.6094784,31.32179364
350,0,0,0,0,0,residential,,,B,0,0,F,F,1,120.6086096,31.29253086
351,0,0,0,0,0,residential,,,B,0,0,F,F,1,120.6135447,31.29333405
352,0,0,0,0,0,residential,,,B,0,0,F,F,1,120.6184649,31.29400528
353,0,0,0,0,0,residential,,,B,0,0,F,F,1,120.6078926,31.29128375
354,0,0,0,0,0,residential,,,B,0,0,F,F,1,120.6085429,31.28701877
355,0,0,0,0,0,residential,,,B,0,0,F,F,1,120.608423,31.28402443
356,0,0,0,0,0,residential,,,B,0,0,F,F,1,120.6088734,31.32056766
357,0,0,0,0,0,residential,,,B,0,0,F,F,1,120.6088539,31.34626574
358,0,0,0,0,0,residential,,,B,0,0,F,F,1,120.6098048,31.28787218
359,0,0,0,0,0,residential,,,B,0,0,F,F,1,120.6146695,31.28815878
360,0,0,0,0,0,residential,,,B,0,0,F,F,1,120.6195585,31.28895833
361,0,0,0,0,0,residential,,,B,0,0,F,F,1,120.6212638,31.28171616
362,0,0,0,0,0,residential,,,B,0,0,F,F,1,120.6162996,31.28111968
363,0,0,0,0,0,residential,,,B,0,0,F,F,1,120.6113266,31.2806048
364,0,0,0,0,0,residential,,,B,0,0,F,F,1,120.6092957,31.27941477
365,0,0,0,0,0,residential,,,B,0,0,F,F,1,120.6159665,31.34404109
366,0,0,0,0,0,residential,,,B,0,0,F,F,1,120.6112004,31.34267343
367,0,0,0,0,0,residential,,,B,0,0,F,F,1,120.6097566,31.34162591
368,0,0,0,0,0,residential,,,B,0,0,F,F,1,120.6107054,31.33674039
369,0,0,0,0,0,residential,,,B,0,0,F,F,1,120.6109968,31.27439629
370,0,0,0,0,0,residential,,,B,0,0,F,F,1,120.6159854,31.27449693
371,0,0,0,0,0,residential,,,B,0,0,F,F,1,120.6209639,31.27448162
372,0,0,0,0,0,residential,,,B,0,0,F,F,1,120.610186,31.27323091
373,0,0,0,0,0,residential,,,B,0,0,F,F,1,120.6151276,31.31914419
374,0,0,0,0,0,residential,,,B,0,0,F,F,1,120.6110162,31.31344964
375,0,0,0,0,0,residential,,,B,0,0,F,F,1,120.6127881,31.34012524
376,0,0,0,0,0,residential,,,B,0,0,F,F,1,120.6103909,31.26786418
377,0,0,0,0,0,residential,,,B,0,0,F,F,1,120.611404,31.26890707
378,0,0,0,0,0,residential,,,B,0,0,F,F,1,120.616402,31.26899847
379,0,0,0,0,0,residential,,,B,0,0,F,F,1,120.621398,31.26919794
380,0,0,0,0,0,residential,,,B,0,0,F,F,1,120.6105767,31.26143947
381,0,0,0,0,0,residential,,,B,0,0,F,F,1,120.6109586,31.25648566
382,0,0,0,0,0,residential,,,B,0,0,F,F,1,120.6115524,31.26247039
383,0,0,0,0,0,residential,,,B,0,0,F,F,1,120.6164595,31.26326266
384,0,0,0,0,0,residential,,,B,0,0,F,F,1,120.6214207,31.26380173
385,0,0,0,0,0,residential,,,B,0,0,F,F,1,120.6120375,31.25497317
386,0,0,0,0,0,residential,,,B,0,0,F,F,1,120.6170375,31.25497248
387,0,0,0,0,0,residential,,,B,0,0,F,F,1,120.6220375,31.2549718
388,0,0,0,0,0,residential,,,B,0,0,F,F,1,120.6110629,31.2539386
389,0,0,0,0,0,residential,,,B,0,0,F,F,1,120.6111844,31.24894008
390,0,0,0,0,0,residential,,,B,0,0,F,F,1,120.6126261,31.33528322
391,0,0,0,0,0,residential,,,B,0,0,F,F,1,120.6106903,31.33214428
392,0,0,0,0,0,residential,,,B,0,0,F,F,1,120.6121313,31.3335487
393,0,0,0,0,0,residential,,,B,0,0,F,F,1,120.6160742,31.31293714
394,0,0,0,0,0,residential,,,B,0,0,F,F,1,120.6115058,31.3114121
395,0,0,0,0,0,residential,,,B,0,0,F,F,1,120.617493,31.33152696
396,0,0,0,0,0,residential,,,B,0,0,F,F,1,120.6171807,31.30839831
397,0,0,0,0,0,residential,,,B,0,0,F,F,1,120.6124477,31.30659695
398,0,0,0,0,0,residential,,,B,0,0,F,F,1,120.6204856,31.33067398
399,0,0,0,0,0,residential,,,B,0,0,F,F,1,120.6155715,31.32975378
400,0,0,0,0,0,residential,,,B,0,0,F,F,1,120.6150406,31.32417078
401,0,0,0,0,0,residential,,,B,0,0,F,F,1,120.6179548,31.30333205
402,0,0,0,0,0,residential,,,B,0,0,F,F,1,120.6131989,31.30172973
403,0,0,0,0,0,residential,,,B,0,0,F,F,1,120.6137907,31.33915087
404,0,0,0,0,0,residential,,,B,0,0,F,F,1,120.6166168,31.34072834
405,0,0,0,0,0,residential,,,B,0,0,F,F,1,120.6148089,31.29944408
406,0,0,0,0,0,residential,,,B,0,0,F,F,1,120.6139075,31.29830739
407,0,0,0,0,0,residential,,,B,0,0,F,F,1,120.6198544,31.33643881
408,0,0,0,0,0,residential,,,B,0,0,F,F,1,120.6149161,31.3356554
409,0,0,0,0,0,residential,,,B,0,0,F,F,1,120.6141175,31.3344465
410,0,0,0,0,0,residential,,,B,0,0,F,F,1,120.6219024,31.32439199
411,0,0,0,0,0,residential,,,B,0,0,F,F,1,120.616996,31.32342908
412,0,0,0,0,0,residential,,,B,0,0,F,F,1,120.6157522,31.32207523
413,0,0,0,0,0,residential,,,B,0,0,F,F,1,120.6160997,31.34859316
414,0,0,0,0,0,residential,,,B,0,0,F,F,1,120.616265,31.3182863
415,0,0,0,0,0,residential,,,B,0,0,F,F,1,120.6170719,31.31335907
416,0,0,0,0,0,residential,,,B,0,0,F,F,1,120.6171388,31.31944771
417,0,0,0,0,0,residential,,,B,0,0,F,F,1,120.622096,31.32010098
418,0,0,0,0,0,residential,,,B,0,0,F,F,1,120.6171632,31.34334312
419,0,0,0,0,0,residential,,,B,0,0,F,F,1,120.6192251,31.3449241
420,0,0,0,0,0,residential,,,B,0,0,F,F,1,120.6185379,31.34103625
421,0,0,0,0,0,residential,,,B,0,0,F,F,1,120.6254281,31.3099675
422,0,0,0,0,0,residential,,,B,0,0,F,F,1,120.6205167,31.30903046
423,0,0,0,0,0,residential,,,B,0,0,F,F,1,120.6188244,31.30444879
424,0,0,0,0,0,residential,,,B,0,0,F,F,1,120.6205759,31.33357445
425,0,0,0,0,0,residential,,,B,0,0,F,F,1,120.620662,31.33209442
426,0,0,0,0,0,residential,,,B,0,0,F,F,1,120.6188959,31.35072293
427,0,0,0,0,0,residential,,,B,0,0,F,F,1,120.6270424,31.30417562
428,0,0,0,0,0,residential,,,B,0,0,F,F,1,120.6220818,31.30359362
429,0,0,0,0,0,residential,,,B,0,0,F,F,1,120.6191168,31.30245326
430,0,0,0,0,0,residential,,,B,0,0,F,F,1,120.6196831,31.29905832
431,0,0,0,0,0,residential,,,B,0,0,F,F,1,120.6274232,31.30092446
432,0,0,0,0,0,residential,,,B,0,0,F,F,1,120.6224311,31.30066368
433,0,0,0,0,0,residential,,,B,0,0,F,F,1,120.6236369,31.34152633
434,0,0,0,0,0,residential,,,B,0,0,F,F,1,120.6199942,31.33994917
435,0,0,0,0,0,residential,,,B,0,0,F,F,1,120.6232874,31.34426166
436,0,0,0,0,0,residential,,,B,0,0,F,F,1,120.6205097,31.29327055
437,0,0,0,0,0,residential,,,B,0,0,F,F,1,120.6213565,31.29439251
438,0,0,0,0,0,residential,,,B,0,0,F,F,1,120.6263163,31.29502458
439,0,0,0,0,0,residential,,,B,0,0,F,F,1,120.6254952,31.33735763
440,0,0,0,0,0,residential,,,B,0,0,F,F,1,120.6213348,31.33474888
441,0,0,0,0,0,residential,,,B,0,0,F,F,1,120.6222262,31.28904506
442,0,0,0,0,0,residential,,,B,0,0,F,F,1,120.6271968,31.2895868
443,0,0,0,0,0,residential,,,B,0,0,F,F,1,120.6213174,31.28794177
444,0,0,0,0,0,residential,,,B,0,0,F,F,1,120.6220723,31.28299926
445,0,0,0,0,0,residential,,,B,0,0,F,F,1,120.6216368,31.32975577
446,0,0,0,0,0,residential,,,B,0,0,F,F,1,120.6261918,31.33467364
447,0,0,0,0,0,residential,,,B,0,0,F,F,1,120.6227402,31.33219787
448,0,0,0,0,0,residential,,,B,0,0,F,F,1,120.6327318,31.28294048
449,0,0,0,0,0,residential,,,B,0,0,F,F,1,120.6277606,31.2824041
450,0,0,0,0,0,residential,,,B,0,0,F,F,1,120.6225384,31.28079834
451,0,0,0,0,0,residential,,,B,0,0,F,F,1,120.6234906,31.27588984
452,0,0,0,0,0,residential,,,B,0,0,F,F,1,120.6232617,31.32371922
453,0,0,0,0,0,residential,,,B,0,0,F,F,1,120.6246885,31.27440731
454,0,0,0,0,0,residential,,,B,0,0,F,F,1,120.6296857,31.27439388
455,0,0,0,0,0,residential,,,B,0,0,F,F,1,120.6237409,31.27338608
456,0,0,0,0,0,residential,,,B,0,0,F,F,1,120.6324308,31.32180426
457,0,0,0,0,0,residential,,,B,0,0,F,F,1,120.6275068,31.32093603
458,0,0,0,0,0,residential,,,B,0,0,F,F,1,120.6242173,31.31934208
459,0,0,0,0,0,residential,,,B,0,0,F,F,1,120.6254519,31.31450381
460,0,0,0,0,0,residential,,,B,0,0,F,F,1,120.632707,31.34397256
461,0,0,0,0,0,residential,,,B,0,0,F,F,1,120.6277752,31.34320268
462,0,0,0,0,0,residential,,,B,0,0,F,F,1,120.6242857,31.34280868
463,0,0,0,0,0,residential,,,B,0,0,F,F,1,120.6341497,31.26984418
464,0,0,0,0,0,residential,,,B,0,0,F,F,1,120.629156,31.26962282
465,0,0,0,0,0,residential,,,B,0,0,F,F,1,120.6244699,31.26828813
466,0,0,0,0,0,residential,,,B,0,0,F,F,1,120.6262385,31.33855134
467,0,0,0,0,0,residential,,,B,0,0,F,F,1,120.6349977,31.26469435
468,0,0,0,0,0,residential,,,B,0,0,F,F,1,120.6300076,31.26437931
469,0,0,0,0,0,residential,,,B,0,0,F,F,1,120.6251324,31.26329679
470,0,0,0,0,0,residential,,,B,0,0,F,F,1,120.6253228,31.25830048
471,0,0,0,0,0,residential,,,B,0,0,F,F,1,120.6264184,31.25498427
472,0,0,0,0,0,residential,,,B,0,0,F,F,1,120.6314184,31.25497121
473,0,0,0,0,0,residential,,,B,0,0,F,F,1,120.6361623,31.25362312
474,0,0,0,0,0,residential,,,B,0,0,F,F,1,120.6254312,31.25398016
475,0,0,0,0,0,residential,,,B,0,0,F,F,1,120.6342206,31.33803301
476,0,0,0,0,0,residential,,,B,0,0,F,F,1,120.6292275,31.33779113
477,0,0,0,0,0,residential,,,B,0,0,F,F,1,120.6269565,31.33584368
478,0,0,0,0,0,residential,,,B,0,0,F,F,1,120.6349742,31.33532355
479,0,0,0,0,0,residential,,,B,0,0,F,F,1,120.6299768,31.33516204
480,0,0,0,0,0,residential,,,B,0,0,F,F,1,120.6285443,31.3332588
481,0,0,0,0,0,residential,,,B,0,0,F,F,1,120.6335325,31.33307556
482,0,0,0,0,0,residential,,,B,0,0,F,F,1,120.6359288,31.3296341
483,0,0,0,0,0,residential,,,B,0,0,F,F,1,120.6285957,31.32572887
484,0,0,0,0,0,residential,,,B,0,0,F,F,1,120.6277981,31.30936474
485,0,0,0,0,0,residential,,,B,0,0,F,F,1,120.6372823,31.31254154
486,0,0,0,0,0,residential,,,B,0,0,F,F,1,120.6323917,31.31151265
487,0,0,0,0,0,residential,,,B,0,0,F,F,1,120.6283214,31.30205337
488,0,0,0,0,0,residential,,,B,0,0,F,F,1,120.6284897,31.30003319
489,0,0,0,0,0,residential,,,B,0,0,F,F,1,120.6294394,31.3011225
490,0,0,0,0,0,residential,,,B,0,0,F,F,1,120.6344298,31.301432
491,0,0,0,0,0,residential,,,B,0,0,F,F,1,120.6394209,31.30157522
492,0,0,0,0,0,residential,,,B,0,0,F,F,1,120.6306992,31.29548004
493,0,0,0,0,0,residential,,,B,0,0,F,F,1,120.6326518,31.2956222
494,0,0,0,0,0,residential,,,B,0,0,F,F,1,120.6376379,31.29599189
495,0,0,0,0,0,residential,,,B,0,0,F,F,1,120.6324915,31.29122898
496,0,0,0,0,0,residential,,,B,0,0,F,F,1,120.6322542,31.25380345
497,0,0,0,0,0,residential,,,B,0,0,F,F,1,120.633771,31.29036298
498,0,0,0,0,0,residential,,,B,0,0,F,F,1,120.6387657,31.29043592
499,0,0,0,0,0,residential,,,B,0,0,F,F,1,120.6329781,31.28922084
500,0,0,0,0,0,residential,,,B,0,0,F,F,1,120.6335852,31.28425891
501,0,0,0,0,0,residential,,,B,0,0,F,F,1,120.6334377,31.32536475
502,0,0,0,0,0,residential,,,B,0,0,F,F,1,120.6353042,31.32661795
503,0,0,0,0,0,residential,,,B,0,0,F,F,1,120.6417304,31.28378602
504,0,0,0,0,0,residential,,,B,0,0,F,F,1,120.6367534,31.28330718
505,0,0,0,0,0,residential,,,B,0,0,F,F,1,120.6344847,31.27572553
506,0,0,0,0,0,residential,,,B,0,0,F,F,1,120.6340671,31.28070771
507,0,0,0,0,0,residential,,,B,0,0,F,F,1,120.6348383,31.34425732
508,0,0,0,0,0,residential,,,B,0,0,F,F,1,120.6397681,31.34507866
509,0,0,0,0,0,residential,,,B,0,0,F,F,1,120.6341279,31.34305648
510,0,0,0,0,0,residential,,,B,0,0,F,F,1,120.6351996,31.33821814
511,0,0,0,0,0,residential,,,B,0,0,F,F,1,120.6426144,31.27559731
512,0,0,0,0,0,residential,,,B,0,0,F,F,1,120.6376911,31.27489982
513,0,0,0,0,0,residential,,,B,0,0,F,F,1,120.6347063,31.27368756
514,0,0,0,0,0,residential,,,B,0,0,F,F,1,120.6443882,31.27061341
515,0,0,0,0,0,residential,,,B,0,0,F,F,1,120.6394335,31.26994137
516,0,0,0,0,0,residential,,,B,0,0,F,F,1,120.6354008,31.26875917
517,0,0,0,0,0,residential,,,B,0,0,F,F,1,120.645853,31.26536595
518,0,0,0,0,0,residential,,,B,0,0,F,F,1,120.6408635,31.26504358
519,0,0,0,0,0,residential,,,B,0,0,F,F,1,120.6360879,31.26374991
520,0,0,0,0,0,residential,,,B,0,0,F,F,1,120.6371376,31.25893182
521,0,0,0,0,0,residential,,,B,0,0,F,F,1,120.6379521,31.25406844
522,0,0,0,0,0,residential,,,B,0,0,F,F,1,120.6374455,31.32687304
523,0,0,0,0,0,residential,,,B,0,0,F,F,1,120.6379922,31.31373518
524,0,0,0,0,0,residential,,,B,0,0,F,F,1,120.6367388,31.31855062
525,0,0,0,0,0,residential,,,B,0,0,F,F,1,120.6374826,31.3229843
526,0,0,0,0,0,residential,,,B,0,0,F,F,1,120.6375101,31.33543105
527,0,0,0,0,0,residential,,,B,0,0,F,F,1,120.6424985,31.33577182
528,0,0,0,0,0,residential,,,B,0,0,F,F,1,120.647435,31.33573341
529,0,0,0,0,0,residential,,,B,0,0,F,F,1,120.6367826,31.33412012
530,0,0,0,0,0,residential,,,B,0,0,F,F,1,120.640193,31.33060521
531,0,0,0,0,0,residential,,,B,0,0,F,F,1,120.639337,31.31297453
532,0,0,0,0,0,residential,,,B,0,0,F,F,1,120.6442236,31.3140332
533,0,0,0,0,0,residential,,,B,0,0,F,F,1,120.6386446,31.31173024
534,0,0,0,0,0,residential,,,B,0,0,F,F,1,120.6399591,31.30690806
535,0,0,0,0,0,residential,,,B,0,0,F,F,1,120.640382,31.25229505
536,0,0,0,0,0,residential,,,B,0,0,F,F,1,120.6453701,31.25195193
537,0,0,0,0,0,residential,,,B,0,0,F,F,1,120.650351,31.25226086
538,0,0,0,0,0,residential,,,B,0,0,F,F,1,120.6394707,31.25124611
539,0,0,0,0,0,residential,,,B,0,0,F,F,1,120.6404919,31.24635152
540,0,0,0,0,0,residential,,,B,0,0,F,F,1,120.6419422,31.30175669
541,0,0,0,0,0,residential,,,B,0,0,F,F,1,120.6468365,31.30265201
542,0,0,0,0,0,residential,,,B,0,0,F,F,1,120.6411799,31.30047478
543,0,0,0,0,0,residential,,,B,0,0,F,F,1,120.6427726,31.29104941
544,0,0,0,0,0,residential,,,B,0,0,F,F,1,120.6417275,31.28914905
545,0,0,0,0,0,residential,,,B,0,0,F,F,1,120.6482448,31.32900936
546,0,0,0,0,0,residential,,,B,0,0,F,F,1,120.643392,31.32782408
547,0,0,0,0,0,residential,,,B,0,0,F,F,1,120.6422199,31.32651953
548,0,0,0,0,0,residential,,,B,0,0,F,F,1,120.643533,31.32169536
549,0,0,0,0,0,residential,,,B,0,0,F,F,1,120.6423723,31.29547957
550,0,0,0,0,0,residential,,,B,0,0,F,F,1,120.6481447,31.28438982
551,0,0,0,0,0,residential,,,B,0,0,F,F,1,120.6429685,31.28284875
552,0,0,0,0,0,residential,,,B,0,0,F,F,1,120.6431838,31.27790185
553,0,0,0,0,0,residential,,,B,0,0,F,F,1,120.6440494,31.29201794
554,0,0,0,0,0,residential,,,B,0,0,F,F,1,120.6490111,31.29151423
555,0,0,0,0,0,residential,,,B,0,0,F,F,1,120.6468686,31.27627246
556,0,0,0,0,0,residential,,,B,0,0,F,F,1,120.6438337,31.27476281
557,0,0,0,0,0,residential,,,B,0,0,F,F,1,120.6499566,31.32107313
558,0,0,0,0,0,residential,,,B,0,0,F,F,1,120.6442591,31.31914196
559,0,0,0,0,0,residential,,,B,0,0,F,F,1,120.6465678,31.27090709
560,0,0,0,0,0,residential,,,B,0,0,F,F,1,120.6466894,31.26648869
561,0,0,0,0,0,residential,,,B,0,0,F,F,1,120.6466858,31.31449825
562,0,0,0,0,0,residential,,,B,0,0,F,F,1,120.6472081,31.30875364
563,0,0,0,0,0,residential,,,B,0,0,F,F,1,120.6493571,31.26559451
564,0,0,0,0,0,residential,,,B,0,0,F,F,1,120.6519854,31.30806514
565,0,0,0,0,0,residential,,,B,0,0,F,F,1,120.6477416,31.30686972
566,0,0,0,0,0,residential,,,B,0,0,F,F,1,120.6481835,31.27887948
567,0,0,0,0,0,residential,,,B,0,0,F,F,1,120.6480839,31.27539245
568,0,0,0,0,0,residential,,,B,0,0,F,F,1,120.6492295,31.27056009
569,0,0,0,0,0,residential,,,B,0,0,F,F,1,120.6491351,31.28336068
570,0,0,0,0,0,residential,,,B,0,0,F,F,1,120.6615746,31.28123095
571,0,0,0,0,0,residential,,,B,0,0,F,F,1,120.6566115,31.28062478
572,0,0,0,0,0,residential,,,B,0,0,F,F,1,120.6516483,31.28001862
573,0,0,0,0,0,residential,,,B,0,0,F,F,1,120.6484391,31.34360561
574,0,0,0,0,0,residential,,,B,0,0,F,F,1,120.6478141,31.34850657
575,0,0,0,0,0,residential,,,B,0,0,F,F,1,120.6771993,31.34585062
576,0,0,0,0,0,residential,,,B,0,0,F,F,1,120.6723082,31.34481294
577,0,0,0,0,0,residential,,,B,0,0,F,F,1,120.6674118,31.34380225
578,0,0,0,0,0,residential,,,B,0,0,F,F,1,120.6624338,31.34338236
579,0,0,0,0,0,residential,,,B,0,0,F,F,1,120.6574415,31.34311075
580,0,0,0,0,0,residential,,,B,0,0,F,F,1,120.6524471,31.34287906
581,0,0,0,0,0,residential,,,B,0,0,F,F,1,120.6486172,31.3416594
582,0,0,0,0,0,residential,,,B,0,0,F,F,1,120.6490637,31.33667938
583,0,0,0,0,0,residential,,,B,0,0,F,F,1,120.6499997,31.30285149
584,0,0,0,0,0,residential,,,B,0,0,F,F,1,120.6492009,31.30166641
585,0,0,0,0,0,residential,,,B,0,0,F,F,1,120.6485097,31.33321292
586,0,0,0,0,0,residential,,,B,0,0,F,F,1,120.6530458,31.330243
587,0,0,0,0,0,residential,,,B,0,0,F,F,1,120.6494886,31.32818476
588,0,0,0,0,0,residential,,,B,0,0,F,F,1,120.6505338,31.32332771
589,0,0,0,0,0,residential,,,B,0,0,F,F,1,120.6501606,31.33329554
590,0,0,0,0,0,residential,,,B,0,0,F,F,1,120.6509615,31.2941873
591,0,0,0,0,0,residential,,,B,0,0,F,F,1,120.650391,31.28927133
592,0,0,0,0,0,residential,,,B,0,0,F,F,1,120.6610861,31.28556897
593,0,0,0,0,0,residential,,,B,0,0,F,F,1,120.6561092,31.285098
594,0,0,0,0,0,residential,,,B,0,0,F,F,1,120.6511284,31.28465968
595,0,0,0,0,0,residential,,,B,0,0,F,F,1,120.654256,31.32696444
596,0,0,0,0,0,residential,,,B,0,0,F,F,1,120.6511671,31.29891465
597,0,0,0,0,0,residential,,,B,0,0,F,F,1,120.6502757,31.29781291
598,0,0,0,0,0,residential,,,B,0,0,F,F,1,120.6641089,31.26651158
599,0,0,0,0,0,residential,,,B,0,0,F,F,1,120.6591183,31.26620456
600,0,0,0,0,0,residential,,,B,0,0,F,F,1,120.6541278,31.26589755
601,0,0,0,0,0,residential,,,B,0,0,F,F,1,120.6507639,31.26457712
602,0,0,0,0,0,residential,,,B,0,0,F,F,1,120.6520108,31.25973509
603,0,0,0,0,0,residential,,,B,0,0,F,F,1,120.6532387,31.25488835
604,0,0,0,0,0,residential,,,B,0,0,F,F,1,120.6520041,31.29524236
605,0,0,0,0,0,residential,,,B,0,0,F,F,1,120.6552989,31.3219084
606,0,0,0,0,0,residential,,,B,0,0,F,F,1,120.6512315,31.32018622
607,0,0,0,0,0,residential,,,B,0,0,F,F,1,120.6522744,31.31430067
608,0,0,0,0,0,residential,,,B,0,0,F,F,1,120.652906,31.30934121
609,0,0,0,0,0,residential,,,B,0,0,F,F,1,120.6550348,31.31575998
610,0,0,0,0,0,residential,,,B,0,0,F,F,1,120.6540776,31.30810468
611,0,0,0,0,0,residential,,,B,0,0,F,F,1,120.6531752,31.30703283
612,0,0,0,0,0,residential,,,B,0,0,F,F,1,120.6536553,31.30208774
613,0,0,0,0,0,residential,,,B,0,0,F,F,1,120.671219,31.33398284
614,0,0,0,0,0,residential,,,B,0,0,F,F,1,120.6663169,31.33299835
615,0,0,0,0,0,residential,,,B,0,0,F,F,1,120.6614148,31.33201386
616,0,0,0,0,0,residential,,,B,0,0,F,F,1,120.6565063,31.33107293
617,0,0,0,0,0,residential,,,B,0,0,F,F,1,120.6549901,31.2524751
618,0,0,0,0,0,residential,,,B,0,0,F,F,1,120.6540926,31.25139261
619,0,0,0,0,0,residential,,,B,0,0,F,F,1,120.6553924,31.24656451
620,0,0,0,0,0,residential,,,B,0,0,F,F,1,120.6549998,31.29889611
621,0,0,0,0,0,residential,,,B,0,0,F,F,1,120.6540786,31.29780448
622,0,0,0,0,0,residential,,,B,0,0,F,F,1,120.6553042,31.29519687
623,0,0,0,0,0,residential,,,B,0,0,F,F,1,120.6631249,31.32891073
624,0,0,0,0,0,residential,,,B,0,0,F,F,1,120.6582417,31.3278363
625,0,0,0,0,0,residential,,,B,0,0,F,F,1,120.6554575,31.32605083
626,0,0,0,0,0,residential,,,B,0,0,F,F,1,120.6561251,31.31741907
627,0,0,0,0,0,residential,,,B,0,0,F,F,1,120.6564544,31.31501859
628,0,0,0,0,0,residential,,,B,0,0,F,F,1,120.6643034,31.32330186
629,0,0,0,0,0,residential,,,B,0,0,F,F,1,120.6593656,31.32251629
630,0,0,0,0,0,residential,,,B,0,0,F,F,1,120.6565598,31.32101707
631,0,0,0,0,0,residential,,,B,0,0,F,F,1,120.6651175,31.31959568
632,0,0,0,0,0,residential,,,B,0,0,F,F,1,120.6601814,31.31879879
633,0,0,0,0,0,residential,,,B,0,0,F,F,1,120.6660243,31.31529669
634,0,0,0,0,0,residential,,,B,0,0,F,F,1,120.6610874,31.31450464
635,0,0,0,0,0,residential,,,B,0,0,F,F,1,120.6576514,31.3128254
636,0,0,0,0,0,residential,,,B,0,0,F,F,1,120.6585774,31.30717637
637,0,0,0,0,0,residential,,,B,0,0,F,F,1,120.6584924,31.30217856
638,0,0,0,0,0,residential,,,B,0,0,F,F,1,120.6665936,31.30823608
639,0,0,0,0,0,residential,,,B,0,0,F,F,1,120.6615937,31.30821587
640,0,0,0,0,0,residential,,,B,0,0,F,F,1,120.6685798,31.25113566
641,0,0,0,0,0,residential,,,B,0,0,F,F,1,120.663595,31.25152322
642,0,0,0,0,0,residential,,,B,0,0,F,F,1,120.6603982,31.25081849
643,0,0,0,0,0,residential,,,B,0,0,F,F,1,120.6616496,31.24597763
644,0,0,0,0,0,residential,,,B,0,0,F,F,1,120.6628774,31.2411308
645,0,0,0,0,0,residential,,,B,0,0,F,F,1,120.6603263,31.29772107
646,0,0,0,0,0,residential,,,B,0,0,F,F,1,120.6664538,31.29841618
647,0,0,0,0,0,residential,,,B,0,0,F,F,1,120.6614784,31.29884314
648,0,0,0,0,0,residential,,,B,0,0,F,F,1,120.6616308,31.29455652
649,0,0,0,0,0,residential,,,B,0,0,F,F,1,120.6663357,31.29300688
650,0,0,0,0,0,residential,,,B,0,0,F,F,1,120.6619436,31.2867057
651,0,0,0,0,0,residential,,,B,0,0,F,F,1,120.6610513,31.2916254
652,0,0,0,0,0,residential,,,B,0,0,F,F,1,120.6695639,31.28635901
653,0,0,0,0,0,residential,,,B,0,0,F,F,1,120.6645853,31.28589717
654,0,0,0,0,0,residential,,,B,0,0,F,F,1,120.6622857,31.2846387
655,0,0,0,0,0,residential,,,B,0,0,F,F,1,120.6626675,31.28035722
656,0,0,0,0,0,residential,,,B,0,0,F,F,1,120.6634412,31.27542272
657,0,0,0,0,0,residential,,,B,0,0,F,F,1,120.6644018,31.27051585
658,0,0,0,0,0,residential,,,B,0,0,F,F,1,120.6683978,31.28209564
659,0,0,0,0,0,residential,,,B,0,0,F,F,1,120.6716932,31.33078595
660,0,0,0,0,0,residential,,,B,0,0,F,F,1,120.6668085,31.32971842
661,0,0,0,0,0,residential,,,B,0,0,F,F,1,120.6643209,31.3279906
662,0,0,0,0,0,residential,,,B,0,0,F,F,1,120.6688926,31.26676077
663,0,0,0,0,0,residential,,,B,0,0,F,F,1,120.6727187,31.32457448
664,0,0,0,0,0,residential,,,B,0,0,F,F,1,120.6677787,31.32380343
665,0,0,0,0,0,residential,,,B,0,0,F,F,1,120.6655651,31.32245215
666,0,0,0,0,0,residential,,,B,0,0,F,F,1,120.6732047,31.32212356
667,0,0,0,0,0,residential,,,B,0,0,F,F,1,120.668745,31.3201464
668,0,0,0,0,0,residential,,,B,0,0,F,F,1,120.6668508,31.31647843
669,0,0,0,0,0,residential,,,B,0,0,F,F,1,120.6680744,31.31562254
670,0,0,0,0,0,residential,,,B,0,0,F,F,1,120.6729862,31.31588756
671,0,0,0,0,0,residential,,,B,0,0,F,F,1,120.6672867,31.31444784
672,0,0,0,0,0,residential,,,B,0,0,F,F,1,120.6676488,31.30948588
673,0,0,0,0,0,residential,,,B,0,0,F,F,1,120.6675767,31.30724027
674,0,0,0,0,0,residential,,,B,0,0,F,F,1,120.6674925,31.30224098
675,0,0,0,0,0,residential,,,B,0,0,F,F,1,120.6684132,31.29844689
676,0,0,0,0,0,residential,,,B,0,0,F,F,1,120.6686365,31.30825676
677,0,0,0,0,0,residential,,,B,0,0,F,F,1,120.6736347,31.30824656
678,0,0,0,0,0,residential,,,B,0,0,F,F,1,120.6705459,31.28541999
679,0,0,0,0,0,residential,,,B,0,0,F,F,1,120.6700756,31.2817299
680,0,0,0,0,0,residential,,,B,0,0,F,F,1,120.6699206,31.25831804
681,0,0,0,0,0,residential,,,B,0,0,F,F,1,120.6697206,31.2533222
682,0,0,0,0,0,residential,,,B,0,0,F,F,1,120.6694879,31.25006236
683,0,0,0,0,0,residential,,,B,0,0,F,F,1,120.6703953,31.24527578
684,0,0,0,0,0,residential,,,B,0,0,F,F,1,120.6721267,31.24059495
685,0,0,0,0,0,residential,,,B,0,0,F,F,1,120.6705778,31.25099951
686,0,0,0,0,0,residential,,,B,0,0,F,F,1,120.6698717,31.26569237
687,0,0,0,0,0,residential,,,B,0,0,F,F,1,120.6700079,31.26069608
688,0,0,0,0,0,residential,,,B,0,0,F,F,1,120.6710958,31.25929775
689,0,0,0,0,0,residential,,,B,0,0,F,F,1,120.6760956,31.25933398
690,0,0,0,0,0,residential,,,B,0,0,F,F,1,120.6807483,31.2577305
691,0,0,0,0,0,residential,,,B,0,0,F,F,1,120.6734117,31.27806368
692,0,0,0,0,0,residential,,,B,0,0,F,F,1,120.6719858,31.27327133
693,0,0,0,0,0,residential,,,B,0,0,F,F,1,120.6705598,31.26847898
694,0,0,0,0,0,residential,,,B,0,0,F,F,1,120.6712706,31.26691056
695,0,0,0,0,0,residential,,,B,0,0,F,F,1,120.6762562,31.26728922
696,0,0,0,0,0,residential,,,B,0,0,F,F,1,120.6812419,31.26766789
697,0,0,0,0,0,residential,,,B,0,0,F,F,1,120.6720482,31.28659365
698,0,0,0,0,0,residential,,,B,0,0,F,F,1,120.6707051,31.28998077
699,0,0,0,0,0,residential,,,B,0,0,F,F,1,120.6734511,31.29750031
700,0,0,0,0,0,residential,,,B,0,0,F,F,1,120.6719246,31.29277518
701,0,0,0,0,0,residential,,,B,0,0,F,F,1,120.6725157,31.28914668
702,0,0,0,0,0,residential,,,B,0,0,F,F,1,120.6725645,31.33202357
703,0,0,0,0,0,residential,,,B,0,0,F,F,1,120.6795374,31.33569578
704,0,0,0,0,0,residential,,,B,0,0,F,F,1,120.6746503,31.33464041
705,0,0,0,0,0,residential,,,B,0,0,F,F,1,120.6784492,31.34223093
706,0,0,0,0,0,residential,,,B,0,0,F,F,1,120.6736153,31.34098575
707,0,0,0,0,0,residential,,,B,0,0,F,F,1,120.6720207,31.3367072
708,0,0,0,0,0,residential,,,B,0,0,F,F,1,120.6728504,31.32997771
709,0,0,0,0,0,residential,,,B,0,0,F,F,1,120.6737188,31.33119578
710,0,0,0,0,0,residential,,,B,0,0,F,F,1,120.6786559,31.33198664
711,0,0,0,0,0,residential,,,B,0,0,F,F,1,120.6835929,31.3327775
712,0,0,0,0,0,residential,,,B,0,0,F,F,1,120.6885369,31.33352216
713,0,0,0,0,0,residential,,,B,0,0,F,F,1,120.6934906,31.33420052
714,0,0,0,0,0,residential,,,B,0,0,F,F,1,120.6735547,31.28593373
715,0,0,0,0,0,residential,,,B,0,0,F,F,1,120.6743283,31.2811364
716,0,0,0,0,0,residential,,,B,0,0,F,F,1,120.6747746,31.3071846
717,0,0,0,0,0,residential,,,B,0,0,F,F,1,120.6741037,31.30222981
718,0,0,0,0,0,residential,,,B,0,0,F,F,1,120.6746858,31.29853123
719,0,0,0,0,0,residential,,,B,0,0,F,F,1,120.679683,31.29836189
720,0,0,0,0,0,residential,,,B,0,0,F,F,1,120.6846801,31.29819255
721,0,0,0,0,0,residential,,,B,0,0,F,F,1,120.6896773,31.29803228
722,0,0,0,0,0,residential,,,B,0,0,F,F,1,120.6946432,31.2985614
723,0,0,0,0,0,residential,,,B,0,0,F,F,1,120.6995879,31.29930268
724,0,0,0,0,0,residential,,,B,0,0,F,F,1,120.7045327,31.30004395
725,0,0,0,0,0,residential,,,B,0,0,F,F,1,120.6747202,31.32489527
726,0,0,0,0,0,residential,,,B,0,0,F,F,1,120.6796505,31.32571866
727,0,0,0,0,0,residential,,,B,0,0,F,F,1,120.6845172,31.32685748
728,0,0,0,0,0,residential,,,B,0,0,F,F,1,120.6894843,31.32728641
729,0,0,0,0,0,residential,,,B,0,0,F,F,1,120.6739223,31.32375525
730,0,0,0,0,0,residential,,,B,0,0,F,F,1,120.6746692,31.27845791
731,0,0,0,0,0,residential,,,B,0,0,F,F,1,120.6782662,31.27499376
732,0,0,0,0,0,residential,,,B,0,0,F,F,1,120.6816756,31.27133646
733,0,0,0,0,0,residential,,,B,0,0,F,F,1,120.6746932,31.32185552
734,0,0,0,0,0,residential,,,B,0,0,F,F,1,120.676189,31.31731575
735,0,0,0,0,0,residential,,,B,0,0,F,F,1,120.675703,31.31412275
736,0,0,0,0,0,residential,,,B,0,0,F,F,1,120.7164628,31.30992951
737,0,0,0,0,0,residential,,,B,0,0,F,F,1,120.7115836,31.30885614
738,0,0,0,0,0,residential,,,B,0,0,F,F,1,120.7065935,31.3087433
739,0,0,0,0,0,residential,,,B,0,0,F,F,1,120.7015996,31.30895499
740,0,0,0,0,0,residential,,,B,0,0,F,F,1,120.6966078,31.30871507
741,0,0,0,0,0,residential,,,B,0,0,F,F,1,120.6916194,31.30837459
742,0,0,0,0,0,residential,,,B,0,0,F,F,1,120.6866223,31.308291
743,0,0,0,0,0,residential,,,B,0,0,F,F,1,120.6816223,31.30829327
744,0,0,0,0,0,residential,,,B,0,0,F,F,1,120.6766223,31.30829554
745,0,0,0,0,0,residential,,,B,0,0,F,F,1,120.6786388,31.34513278
746,0,0,0,0,0,residential,,,B,0,0,F,F,1,120.6803866,31.34278063
747,0,0,0,0,0,residential,,,B,0,0,F,F,1,120.6853271,31.3435497
748,0,0,0,0,0,residential,,,B,0,0,F,F,1,120.6901317,31.3448574
749,0,0,0,0,0,residential,,,B,0,0,F,F,1,120.6796748,31.34159602
750,0,0,0,0,0,residential,,,B,0,0,F,F,1,120.6940098,31.34153223
751,0,0,0,0,0,residential,,,B,0,0,F,F,1,120.6891302,31.34044141
752,0,0,0,0,0,residential,,,B,0,0,F,F,1,120.6841534,31.34012606
753,0,0,0,0,0,residential,,,B,0,0,F,F,1,120.6803248,31.33702716
754,0,0,0,0,0,residential,,,B,0,0,F,F,1,120.6975379,31.33928818
755,0,0,0,0,0,residential,,,B,0,0,F,F,1,120.6926241,31.33836336
756,0,0,0,0,0,residential,,,B,0,0,F,F,1,120.6877104,31.33743853
757,0,0,0,0,0,residential,,,B,0,0,F,F,1,120.6828136,31.33643073
758,0,0,0,0,0,residential,,,B,0,0,F,F,1,120.6823376,31.25618149
759,0,0,0,0,0,residential,,,B,0,0,F,F,1,120.6840431,31.25442319
760,0,0,0,0,0,residential,,,B,0,0,F,F,1,120.6832103,31.25326194
761,0,0,0,0,0,residential,,,B,0,0,F,F,1,120.6840263,31.26710834
762,0,0,0,0,0,residential,,,B,0,0,F,F,1,120.6876389,31.26368275
