X,Y,osm_id,code,fclass,name,ref,oneway,maxspeed,layer,bridge,tunnel,distance,angle
120.490471532443,31.3248744594331,"24435706",5114,secondary,金山路,,B,0,0,F,F,0.001000000000000,78.298688181102492
120.495415034036,31.3255863961912,"24435706",5114,secondary,金山路,,B,0,0,F,F,0.006000000000000,84.974607388386133
120.500395813907,31.3260243823532,"24435706",5114,secondary,金山路,,B,0,0,F,F,0.011000000000000,84.974607388386133
120.505376593778,31.3264623685152,"24435706",5114,secondary,金山路,,B,0,0,F,F,0.016000000000000,84.974607388386133
120.510357373648,31.3269003546772,"24435706",5114,secondary,金山路,,B,0,0,F,F,0.021000000000000,84.974607388386133
120.515338153519,31.3273383408392,"24435706",5114,secondary,金山路,,B,0,0,F,F,0.026000000000000,84.974607388386133
120.520318472265,31.3277809563343,"24435706",5114,secondary,金山路,,B,0,0,F,F,0.031000000000000,83.648525293461191
120.525287782109,31.3283340925558,"24435706",5114,secondary,金山路,,B,0,0,F,F,0.036000000000000,83.648525293461191
120.530269011305,31.3287591516807,"24435706",5114,secondary,金山路,,B,0,0,F,F,0.041000000000000,85.717766834942196
120.535255052984,31.3291324992124,"24435706",5114,secondary,金山路,,B,0,0,F,F,0.046000000000000,85.717766834942196
120.506332256861,31.3050218815684,"24435706",5114,secondary,金山路,,B,0,0,F,F,0.001000000000000,83.308724402463682
120.511303353419,31.3055562677766,"24435706",5114,secondary,金山路,,B,0,0,F,F,0.006000000000000,84.486018766937278
120.516281975184,31.3060016537887,"24435706",5114,secondary,金山路,,B,0,0,F,F,0.011000000000000,84.172115326875200
120.521256132229,31.3065093561542,"24435706",5114,secondary,金山路,,B,0,0,F,F,0.016000000000000,84.172115326875200
120.526236949607,31.3069436087222,"24435706",5114,secondary,金山路,,B,0,0,F,F,0.021000000000000,85.465210094369667
120.531201451522,31.3074158523129,"24435706",5114,secondary,金山路,,B,0,0,F,F,0.026000000000000,86.991714831418889
120.536194561304,31.3076782541179,"24435706",5114,secondary,金山路,,B,0,0,F,F,0.031000000000000,86.991714831418889
120.541171046283,31.3081427359326,"24435706",5114,secondary,金山路,,B,0,0,F,F,0.036000000000000,83.602201090058003
120.515153003878,31.2967455526529,"24435706",5114,secondary,金山路,,B,0,0,F,F,0.001000000000000,93.153401389978242
120.520146811003,31.2965490066345,"24435706",5114,secondary,金山路,,B,0,0,F,F,0.006000000000000,88.857854674347934
120.52514561153,31.2966563574129,"24435706",5114,secondary,金山路,,B,0,0,F,F,0.011000000000000,88.070626124762342
120.530142776964,31.2968246952278,"24435706",5114,secondary,金山路,,B,0,0,F,F,0.016000000000000,88.070626124762342
120.53513510563,31.2970297912279,"24435706",5114,secondary,金山路,,B,0,0,F,F,0.021000000000000,86.142300738985483
120.540123776739,31.2973661847014,"24435706",5114,secondary,金山路,,B,0,0,F,F,0.026000000000000,86.142300738985483
120.5401419857,31.3201627773079,"24435706",5114,secondary,金山路,,B,0,0,F,F,0.001000000000000,264.554747872357950
120.535164549063,31.3196883044212,"24435706",5114,secondary,金山路,,B,0,0,F,F,0.006000000000000,264.554747872357950
120.530187112425,31.3192138315344,"24435706",5114,secondary,金山路,,B,0,0,F,F,0.011000000000000,264.554747872357950
120.525209675788,31.3187393586477,"24435706",5114,secondary,金山路,,B,0,0,F,F,0.016000000000000,264.554747872357950
120.530855040212,31.3145894764938,"24435706",5114,secondary,金山路,,B,0,0,F,F,0.001000000000000,82.813453316143594
120.535825003564,31.3150927935687,"24435706",5114,secondary,金山路,,B,0,0,F,F,0.006000000000000,82.813455542990226
120.545341582459,31.2823862197468,"24435706",5114,secondary,金山路,,B,0,0,F,F,0.001000000000000,248.280130448621037
120.540680274064,31.2805976898165,"24435706",5114,secondary,金山路,,B,0,0,F,F,0.006000000000000,262.198277418493205
120.535726555265,31.2799189630218,"24435706",5114,secondary,金山路,,B,0,0,F,F,0.011000000000000,262.198277418493205
120.533580879984,31.2744095178815,"24435706",5114,secondary,金山路,,B,0,0,F,F,0.001000000000000,87.487576050490759
120.538575668513,31.2746357033027,"24435706",5114,secondary,金山路,,B,0,0,F,F,0.006000000000000,85.892130296704650
120.543565697454,31.2749461399008,"24435706",5114,secondary,金山路,,B,0,0,F,F,0.011000000000000,87.216599016575444
120.551689081123,31.2510434487513,"24435706",5114,secondary,金山路,,B,0,0,F,F,0.001000000000000,256.060145549486265
120.546952148174,31.249459521569,"24435706",5114,secondary,金山路,,B,0,0,F,F,0.006000000000000,248.322289051633021
120.543904209825,31.2457789414123,"24435706",5114,secondary,金山路,,B,0,0,F,F,0.011000000000000,210.465915071883614
120.539898774043,31.2432043376725,"24435706",5114,secondary,金山路,,B,0,0,F,F,0.016000000000000,259.563107570050988
120.548794380035,31.2607353029303,"24435706",5114,secondary,金山路,,B,0,0,F,F,0.001000000000000,255.858380875151028
120.543841853298,31.2602644003138,"24435706",5114,secondary,金山路,,B,0,0,F,F,0.006000000000000,271.152347480161382
120.538878638222,31.2598540143452,"24435706",5114,secondary,金山路,,B,0,0,F,F,0.011000000000000,258.063005292007233
120.540864582714,31.3580010900223,"24435706",5114,secondary,金山路,,B,0,0,F,F,0.001000000000000,130.349319402974970
120.544675139213,31.3547638598523,"24435706",5114,secondary,金山路,,B,0,0,F,F,0.006000000000000,130.349319402974970
120.548379789079,31.351406567201,"24435706",5114,secondary,金山路,,B,0,0,F,F,0.011000000000000,132.481453856258128
120.551733913387,31.3477204647524,"24435706",5114,secondary,金山路,,B,0,0,F,F,0.016000000000000,141.797601999665318
120.554933263213,31.3438808174979,"24435706",5114,secondary,金山路,,B,0,0,F,F,0.021000000000000,138.451506886874824
120.544262306429,31.2879551866641,"24435706",5114,secondary,金山路,,B,0,0,F,F,0.001000000000000,248.057392785823367
120.540777615634,31.3312488719164,"24435706",5114,secondary,金山路,,B,0,0,F,F,0.001000000000000,176.357470842173626
120.541957047349,31.3291478140166,"24435706",5114,secondary,金山路,,B,0,0,F,F,0.001000000000000,91.733675747165151
120.546926301293,31.3289312370563,"24435706",5114,secondary,金山路,,B,0,0,F,F,0.006000000000000,76.859660291076722
120.551650205162,31.3301770654911,"24435706",5114,secondary,金山路,,B,0,0,F,F,0.011000000000000,60.430931082038320
120.555999012447,31.3326444274834,"24435706",5114,secondary,金山路,,B,0,0,F,F,0.016000000000000,60.430931082038320
120.540975355171,31.3281233556355,"24435706",5114,secondary,金山路,,B,0,0,F,F,0.001000000000000,176.591756697129995
120.541272605134,31.3231321992104,"24435706",5114,secondary,金山路,,B,0,0,F,F,0.006000000000000,176.591756697129995
120.541256609166,31.319264793957,"24435706",5114,secondary,金山路,,B,0,0,F,F,0.001000000000000,173.157750671511195
120.546542556456,31.3209278189722,"24435706",5114,secondary,金山路,,B,0,0,F,F,0.001000000000000,263.273953414804566
120.542859716125,31.3157224871858,"24435706",5114,secondary,金山路,,B,0,0,F,F,0.001000000000000,88.869268941941129
120.542006283735,31.3146427607419,"24435706",5114,secondary,金山路,,B,0,0,F,F,0.001000000000000,169.490877844442139
120.54270209694,31.3097173520934,"24435706",5114,secondary,金山路,,B,0,0,F,F,0.006000000000000,191.232288663229895
120.542757193534,31.3511011646188,"24435706",5114,secondary,金山路,,B,0,0,F,F,0.001000000000000,144.111292027663950
120.545839627494,31.3472058655221,"24435706",5114,secondary,金山路,,B,0,0,F,F,0.006000000000000,141.627277386348453
120.549259446054,31.3435694497559,"24435706",5114,secondary,金山路,,B,0,0,F,F,0.011000000000000,134.563086690252106
120.542361052985,31.3071446594327,"24435706",5114,secondary,金山路,,B,0,0,F,F,0.001000000000000,170.556604148402585
120.544047916864,31.3024761532231,"24435706",5114,secondary,金山路,,B,0,0,F,F,0.006000000000000,164.986637104409994
120.550632341901,31.2540002052037,"24435706",5114,secondary,金山路,,B,0,0,F,F,0.001000000000000,254.490850504323191
120.54597703492,31.2521976822092,"24435706",5114,secondary,金山路,,B,0,0,F,F,0.006000000000000,246.998089449383627
120.543493812046,31.3081529424662,"24435706",5114,secondary,金山路,,B,0,0,F,F,0.001000000000000,99.096364001529594
120.548438447031,31.3085971095674,"24435706",5114,secondary,金山路,,B,0,0,F,F,0.006000000000000,80.533113751917085
120.552034883116,31.2987275308358,"24435706",5114,secondary,金山路,,B,0,0,F,F,0.001000000000000,261.827072404576256
120.547085665552,31.298016724606,"24435706",5114,secondary,金山路,,B,0,0,F,F,0.006000000000000,261.827072404576256
120.544868847133,31.2966891081744,"24435706",5114,secondary,金山路,,B,0,0,F,F,0.001000000000000,173.466033501414216
120.552507843349,31.2953718664625,"24435706",5114,secondary,金山路,,B,0,0,F,F,0.001000000000000,266.394379369674084
120.547517740529,31.2950574243417,"24435706",5114,secondary,金山路,,B,0,0,F,F,0.006000000000000,266.394379369674084
120.545101790676,31.293922779648,"24435706",5114,secondary,金山路,,B,0,0,F,F,0.001000000000000,178.279638505652258
120.5455044598,31.2872516906117,"24435706",5114,secondary,金山路,,B,0,0,F,F,0.001000000000000,169.511275871438187
120.546351395059,31.2887593429603,"24435706",5114,secondary,金山路,,B,0,0,F,F,0.001000000000000,68.318352267560314
120.55113044522,31.2901205512345,"24435706",5114,secondary,金山路,,B,0,0,F,F,0.006000000000000,87.238276289942732
120.546526941763,31.2816832955772,"24435706",5114,secondary,金山路,,B,0,0,F,F,0.001000000000000,166.933117490958125
120.548328960632,31.277046809494,"24435706",5114,secondary,金山路,,B,0,0,F,F,0.006000000000000,153.757932919394477
120.547332935524,31.2828610517221,"24435706",5114,secondary,金山路,,B,0,0,F,F,0.001000000000000,84.493866940598082
120.552315583676,31.2832187264334,"24435706",5114,secondary,金山路,,B,0,0,F,F,0.006000000000000,90.142639368817427
120.546699291758,31.3278684287083,"24435706",5114,secondary,金山路,,B,0,0,F,F,0.001000000000000,172.631239642981285
120.547340566178,31.3229097225143,"24435706",5114,secondary,金山路,,B,0,0,F,F,0.006000000000000,172.631239642981285
120.554224853721,31.3211815904325,"24435706",5114,secondary,金山路,,B,0,0,F,F,0.001000000000000,268.849838625985171
120.549225861111,31.3210812266589,"24435706",5114,secondary,金山路,,B,0,0,F,F,0.006000000000000,268.849838625985171
120.547730540722,31.3199820678348,"24435706",5114,secondary,金山路,,B,0,0,F,F,0.001000000000000,173.744795221542660
120.549232369282,31.3159303372852,"24435706",5114,secondary,金山路,,B,0,0,F,F,0.001000000000000,84.065974633939831
120.554205577271,31.3164472534229,"24435706",5114,secondary,金山路,,B,0,0,F,F,0.006000000000000,84.065974633939831
120.548362078002,31.3148347156798,"24435706",5114,secondary,金山路,,B,0,0,F,F,0.001000000000000,172.856760975271385
120.549147389606,31.3099104214107,"24435706",5114,secondary,金山路,,B,0,0,F,F,0.006000000000000,157.336104344873291
120.549971098889,31.275265256065,"24435706",5114,secondary,金山路,,B,0,0,F,F,0.001000000000000,86.741901846210482
120.554963017127,31.2755494255606,"24435706",5114,secondary,金山路,,B,0,0,F,F,0.006000000000000,86.741901846210482
120.549068553073,31.2741430159974,"24435706",5114,secondary,金山路,,B,0,0,F,F,0.001000000000000,174.954137873232867
120.549508318642,31.2691623929195,"24435706",5114,secondary,金山路,,B,0,0,F,F,0.006000000000000,174.954137873232867
120.549778868347,31.2641704715598,"24435706",5114,secondary,金山路,,B,0,0,F,F,0.011000000000000,177.406100103172406
120.549939475038,31.2598669084322,"24435706",5114,secondary,金山路,,B,0,0,F,F,0.001000000000000,176.357015637096993
120.559237685115,31.3087546871663,"24435706",5114,secondary,金山路,,B,0,0,F,F,0.001000000000000,281.310746055525499
120.5542988821,31.30925875988,"24435706",5114,secondary,金山路,,B,0,0,F,F,0.006000000000000,264.467806858536449
120.550062303506,31.3077298580548,"24435706",5114,secondary,金山路,,B,0,0,F,F,0.001000000000000,156.321258025381525
120.552070343594,31.3031507997448,"24435706",5114,secondary,金山路,,B,0,0,F,F,0.006000000000000,156.321258025381525
120.550994027829,31.2613341078183,"24435706",5114,secondary,金山路,,B,0,0,F,F,0.001000000000000,74.766556436705486
120.555834117116,31.2625374065703,"24435706",5114,secondary,金山路,,B,0,0,F,F,0.006000000000000,88.981003685290176
120.551229257531,31.3553827017718,"24435706",5114,secondary,金山路,,B,0,0,F,F,0.001000000000000,132.494591793484005
120.554915963046,31.3520050987105,"24435706",5114,secondary,金山路,,B,0,0,F,F,0.006000000000000,132.494591793484005
120.558602668562,31.3486274956493,"24435706",5114,secondary,金山路,,B,0,0,F,F,0.011000000000000,132.494591793484005
120.562289374078,31.345249892588,"24435706",5114,secondary,金山路,,B,0,0,F,F,0.016000000000000,132.494591793484005
120.556688718492,31.2553378591282,"24435706",5114,secondary,金山路,,B,0,0,F,F,0.001000000000000,257.692222784050387
120.552030183851,31.2532420755631,"24435706",5114,secondary,金山路,,B,0,0,F,F,0.001000000000000,162.537769420606509
120.552907012922,31.3390909710876,"24435706",5114,secondary,金山路,,B,0,0,F,F,0.001000000000000,230.332221740240243
120.552828238156,31.3405606854555,"24435706",5114,secondary,金山路,,B,0,0,F,F,0.001000000000000,134.390137353550472
120.553590496296,31.2515181265413,"24435706",5114,secondary,金山路,,B,0,0,F,F,0.001000000000000,75.454187578857727
120.561646097824,31.2998599645654,"24435706",5114,secondary,金山路,,B,0,0,F,F,0.001000000000000,257.348135038039231
120.55669463784,31.299185097932,"24435706",5114,secondary,金山路,,B,0,0,F,F,0.006000000000000,263.724341514625792
120.553218723128,31.2978327876055,"24435706",5114,secondary,金山路,,B,0,0,F,F,0.001000000000000,172.018526436113177
120.562789753788,31.2960266820945,"24435706",5114,secondary,金山路,,B,0,0,F,F,0.001000000000000,266.370398372544116
120.557799783014,31.295710151407,"24435706",5114,secondary,金山路,,B,0,0,F,F,0.006000000000000,266.370398372544116
120.554485864742,31.2913378880714,"24435706",5114,secondary,金山路,,B,0,0,F,F,0.001000000000000,348.352961658662480
120.555677706712,31.3414497681316,"24435706",5114,secondary,金山路,,B,0,0,F,F,0.001000000000000,222.426664654024535
120.558292305474,31.3359506278197,"24435706",5114,secondary,金山路,,B,0,0,F,F,0.001000000000000,318.224762257727321
120.564480048423,31.2912293862952,"24435706",5114,secondary,金山路,,B,0,0,F,F,0.001000000000000,251.948630307971598
120.559526843852,31.290627807539,"24435706",5114,secondary,金山路,,B,0,0,F,F,0.006000000000000,266.124626835252911
120.554859300817,31.2892483406756,"24435706",5114,secondary,金山路,,B,0,0,F,F,0.001000000000000,173.881867304740268
120.555392194564,31.2842768193536,"24435706",5114,secondary,金山路,,B,0,0,F,F,0.006000000000000,173.881867304740268
120.563366993928,31.3256279720397,"24435706",5114,secondary,金山路,,B,0,0,F,F,0.001000000000000,241.835902667391167
120.558958996984,31.3232679798899,"24435706",5114,secondary,金山路,,B,0,0,F,F,0.006000000000000,241.835902667391167
120.555615521584,31.3202312351782,"24435706",5114,secondary,金山路,,B,0,0,F,F,0.001000000000000,153.291302733683267
120.567161753474,31.2851973967259,"24435706",5114,secondary,金山路,,B,0,0,F,F,0.001000000000000,260.292599084170149
120.562233344988,31.2843543132168,"24435706",5114,secondary,金山路,,B,0,0,F,F,0.006000000000000,260.292599084170149
120.557304936503,31.2835112297077,"24435706",5114,secondary,金山路,,B,0,0,F,F,0.011000000000000,260.292599084170149
120.555622899739,31.2822657301116,"24435706",5114,secondary,金山路,,B,0,0,F,F,0.001000000000000,173.733617735556919
120.55623648466,31.2773045859081,"24435706",5114,secondary,金山路,,B,0,0,F,F,0.006000000000000,171.180486299275316
120.55699336902,31.2723929509323,"24435706",5114,secondary,金山路,,B,0,0,F,F,0.011000000000000,172.584779245290861
120.557638664178,31.2674347663696,"24435706",5114,secondary,金山路,,B,0,0,F,F,0.016000000000000,172.584779245290861
120.556204132157,31.2615711513061,"24435706",5114,secondary,金山路,,B,0,0,F,F,0.001000000000000,165.558002728579538
120.557499450001,31.2567422783611,"24435706",5114,secondary,金山路,,B,0,0,F,F,0.006000000000000,164.037226763610761
120.557070019951,31.3451907854667,"24435706",5114,secondary,金山路,,B,0,0,F,F,0.001000000000000,199.065296736060162
120.557122757519,31.3415535311226,"24435706",5114,secondary,金山路,,B,0,0,F,F,0.001000000000000,134.005267449064604
120.557702628385,31.3160882830801,"24435706",5114,secondary,金山路,,B,0,0,F,F,0.001000000000000,153.478398706898048
120.559888279602,31.3115951904117,"24435706",5114,secondary,金山路,,B,0,0,F,F,0.006000000000000,161.971557415397172
120.558234177467,31.2540140264535,"24435706",5114,secondary,金山路,,B,0,0,F,F,0.001000000000000,345.047489775127644
120.567366335206,31.264011077307,"24435706",5114,secondary,金山路,,B,0,0,F,F,0.001000000000000,260.627280261314809
120.562376216573,31.2638063991712,"24435706",5114,secondary,金山路,,B,0,0,F,F,0.006000000000000,264.013418001115838
120.568859756842,31.2589759661349,"24435706",5114,secondary,金山路,,B,0,0,F,F,0.001000000000000,259.334942924355801
120.564044151253,31.25772714169,"24435706",5114,secondary,金山路,,B,0,0,F,F,0.006000000000000,239.536095382366085
120.560446166981,31.2542917981924,"24435706",5114,secondary,金山路,,B,0,0,F,F,0.011000000000000,223.219115605278830
120.560576823795,31.3368272575328,"24435706",5114,secondary,金山路,,B,0,0,F,F,0.001000000000000,224.927766190342680
120.570318729391,31.3095846608597,"24435706",5114,secondary,金山路,,B,0,0,F,F,0.001000000000000,266.773272852967409
120.565340610065,31.3091760798475,"24435706",5114,secondary,金山路,,B,0,0,F,F,0.006000000000000,260.700777752342731
120.560631036182,31.3074681620909,"24435706",5114,secondary,金山路,,B,0,0,F,F,0.001000000000000,164.493412477291486
120.561975177887,31.3026523091013,"24435706",5114,secondary,金山路,,B,0,0,F,F,0.006000000000000,163.150626899305678
120.563379145181,31.2978855763832,"24435706",5114,secondary,金山路,,B,0,0,F,F,0.011000000000000,164.157952748068169
120.565007694727,31.3415530251482,"24435706",5114,secondary,金山路,,B,0,0,F,F,0.001000000000000,222.497465672492098
120.562054545273,31.3368498348411,"24435706",5114,secondary,金山路,,B,0,0,F,F,0.001000000000000,133.317729716228797
120.56572842152,31.3334609728903,"24435706",5114,secondary,金山路,,B,0,0,F,F,0.006000000000000,128.877377402747072
120.573336740103,31.2983154200821,"24435706",5114,secondary,金山路,,B,0,0,F,F,0.001000000000000,262.840020221170391
120.568591796674,31.2968155827391,"24435706",5114,secondary,金山路,,B,0,0,F,F,0.006000000000000,248.789463091501091
120.56425340756,31.2950479495092,"24435706",5114,secondary,金山路,,B,0,0,F,F,0.001000000000000,159.706558085357557
120.566062507617,31.2904257879505,"24435706",5114,secondary,金山路,,B,0,0,F,F,0.006000000000000,155.902962102229225
120.564637202627,31.3270637516893,"24435706",5114,secondary,金山路,,B,0,0,F,F,0.001000000000000,209.183867230865985
120.565240125585,31.326077636238,"24435706",5114,secondary,金山路,,B,0,0,F,F,0.001000000000000,83.243970667071707
120.566574658209,31.3421274372482,"24435706",5114,secondary,金山路,,B,0,0,F,F,0.001000000000000,112.593755359722422
120.56722823193,31.3470848235185,"24435706",5114,secondary,金山路,,B,0,0,F,F,0.001000000000000,107.364902396560026
120.571375448231,31.3445518807737,"24435706",5114,secondary,金山路,,B,0,0,F,F,0.006000000000000,145.070576366727863
120.568677513248,31.3286207228448,"24435706",5114,secondary,金山路,,B,0,0,F,F,0.001000000000000,105.412914592860673
120.568498160094,31.3242850359379,"24435706",5114,secondary,金山路,,B,0,0,F,F,0.001000000000000,159.626152298678676
120.569964694732,31.3195118912144,"24435706",5114,secondary,金山路,,B,0,0,F,F,0.006000000000000,171.628278509791272
120.571416758591,31.2705792370532,"24435706",5114,secondary,金山路,,B,0,0,F,F,0.001000000000000,233.549182443918966
120.569813879875,31.265979514916,"24435706",5114,secondary,金山路,,B,0,0,F,F,0.006000000000000,195.520117464284652
120.568686720298,31.2632329951283,"24435706",5114,secondary,金山路,,B,0,0,F,F,0.001000000000000,164.314764231134518
120.569465039632,31.2854812167142,"24435706",5114,secondary,金山路,,B,0,0,F,F,0.001000000000000,85.652868505083575
120.574380236374,31.2853125463902,"24435706",5114,secondary,金山路,,B,0,0,F,F,0.006000000000000,68.039495101991889
120.568766657009,31.2843101775592,"24435706",5114,secondary,金山路,,B,0,0,F,F,0.001000000000000,155.692277976671193
120.570824842954,31.2797534385261,"24435706",5114,secondary,金山路,,B,0,0,F,F,0.006000000000000,155.692277976671193
120.572487839376,31.275063571082,"24435706",5114,secondary,金山路,,B,0,0,F,F,0.011000000000000,168.584792533153063
120.569437964068,31.3273497019983,"24435706",5114,secondary,金山路,,B,0,0,F,F,0.001000000000000,242.318473128808932
120.571664686708,31.3398341910913,"24435706",5114,secondary,金山路,,B,0,0,F,F,0.001000000000000,196.451077399797725
120.569910366968,31.3351640022817,"24435706",5114,secondary,金山路,,B,0,0,F,F,0.006000000000000,204.697365005397018
120.572715891801,31.3319444694326,"24435706",5114,secondary,金山路,,B,0,0,F,F,0.001000000000000,265.263924339199548
120.586856472871,31.2660362685866,"24435706",5114,secondary,金山路,,B,0,0,F,F,0.001000000000000,261.876172415256008
120.581906647993,31.2653297038832,"24435706",5114,secondary,金山路,,B,0,0,F,F,0.006000000000000,261.876172415256008
120.577356112325,31.263459524519,"24435706",5114,secondary,金山路,,B,0,0,F,F,0.011000000000000,234.767248492136758
120.573258775944,31.2605949130176,"24435706",5114,secondary,金山路,,B,0,0,F,F,0.016000000000000,237.839328355363989
120.571224551518,31.3279058930421,"24435706",5114,secondary,金山路,,B,0,0,F,F,0.001000000000000,92.485816088714358
120.583575692321,31.3185889762576,"24435706",5114,secondary,金山路,,B,0,0,F,F,0.001000000000000,265.288767797470598
120.578592222658,31.3181834147853,"24435706",5114,secondary,金山路,,B,0,0,F,F,0.006000000000000,266.578252840893924
120.573601136429,31.3178849884817,"24435706",5114,secondary,金山路,,B,0,0,F,F,0.011000000000000,266.578252840893924
120.570315744119,31.3146553458761,"24435706",5114,secondary,金山路,,B,0,0,F,F,0.001000000000000,355.652374775847022
120.584452037306,31.3149876188806,"24435706",5114,secondary,金山路,,B,0,0,F,F,0.001000000000000,264.246691572961993
120.579477223649,31.3144863913113,"24435706",5114,secondary,金山路,,B,0,0,F,F,0.006000000000000,264.246691572961993
120.574490854206,31.3141252616411,"24435706",5114,secondary,金山路,,B,0,0,F,F,0.011000000000000,263.679063188378677
120.570505526618,31.3127081456758,"24435706",5114,secondary,金山路,,B,0,0,F,F,0.001000000000000,163.348419896493112
120.572548814365,31.3097107183001,"24435706",5114,secondary,金山路,,B,0,0,F,F,0.001000000000000,86.866781587245299
120.577541340111,31.3099840069308,"24435706",5114,secondary,金山路,,B,0,0,F,F,0.006000000000000,86.866781587245299
120.582533865857,31.3102572955615,"24435706",5114,secondary,金山路,,B,0,0,F,F,0.011000000000000,86.866781587245299
120.571761497482,31.3085478690815,"24435706",5114,secondary,金山路,,B,0,0,F,F,0.001000000000000,163.355637657519992
120.584234115656,31.3408843994995,"24435706",5114,secondary,金山路,,B,0,0,F,F,0.001000000000000,268.846738210389901
120.579235128485,31.3407837652182,"24435706",5114,secondary,金山路,,B,0,0,F,F,0.006000000000000,268.846738210389901
120.574236338563,31.3407131807235,"24435706",5114,secondary,金山路,,B,0,0,F,F,0.011000000000000,271.905439254649707
120.573139179705,31.2714500213074,"24435706",5114,secondary,金山路,,B,0,0,F,F,0.001000000000000,68.442854983141743
120.57787124546,31.2730251150391,"24435706",5114,secondary,金山路,,B,0,0,F,F,0.006000000000000,79.895092131217538
120.582810867971,31.2737957792562,"24435706",5114,secondary,金山路,,B,0,0,F,F,0.011000000000000,81.791079914265325
120.574222910288,31.3037753663162,"24435706",5114,secondary,金山路,,B,0,0,F,F,0.001000000000000,82.961618273971425
120.579186869702,31.3043739732527,"24435706",5114,secondary,金山路,,B,0,0,F,F,0.006000000000000,83.752442746589281
120.584157174596,31.3049180957236,"24435706",5114,secondary,金山路,,B,0,0,F,F,0.011000000000000,83.752442746589281
120.573349133322,31.3026041356607,"24435706",5114,secondary,金山路,,B,0,0,F,F,0.001000000000000,166.053013979799260
120.586934403191,31.2999607343211,"24435706",5114,secondary,金山路,,B,0,0,F,F,0.001000000000000,263.047183700531207
120.581971172312,31.2993554746733,"24435706",5114,secondary,金山路,,B,0,0,F,F,0.006000000000000,263.047183700531207
120.577007941433,31.2987502150254,"24435706",5114,secondary,金山路,,B,0,0,F,F,0.011000000000000,263.047183700531207
120.574661018077,31.2973836715635,"24435706",5114,secondary,金山路,,B,0,0,F,F,0.001000000000000,165.408897392472426
120.575920613481,31.2925449300517,"24435706",5114,secondary,金山路,,B,0,0,F,F,0.006000000000000,165.408897392472426
120.578280764513,31.2881875348941,"24435706",5114,secondary,金山路,,B,0,0,F,F,0.011000000000000,138.153589887299660
120.575331839108,31.3283332534031,"24435706",5114,secondary,金山路,,B,0,0,F,F,0.001000000000000,6.621700413881892
120.586015232275,31.3346160043964,"24435706",5114,secondary,金山路,,B,0,0,F,F,0.001000000000000,282.824769135737370
120.581078763225,31.3341662266986,"24435706",5114,secondary,金山路,,B,0,0,F,F,0.006000000000000,261.669631138999421
120.576508358962,31.3323151166401,"24435706",5114,secondary,金山路,,B,0,0,F,F,0.011000000000000,256.377350846246827
120.583612126623,31.3264717028734,"24435706",5114,secondary,金山路,,B,0,0,F,F,0.001000000000000,267.848466869918809
120.578634385937,31.326755897124,"24435706",5114,secondary,金山路,,B,0,0,F,F,0.006000000000000,278.247535662198629
120.57593377962,31.3260752992888,"24435706",5114,secondary,金山路,,B,0,0,F,F,0.001000000000000,129.192808385947586
120.580527061139,31.3241516747328,"24435706",5114,secondary,金山路,,B,0,0,F,F,0.006000000000000,119.266803461543446
120.588340023551,31.2933907910718,"24435706",5114,secondary,金山路,,B,0,0,F,F,0.001000000000000,256.353360093531251
120.583969500426,31.2911927185841,"24435706",5114,secondary,金山路,,B,0,0,F,F,0.006000000000000,227.996792424965832
120.580144538123,31.2879776109467,"24435706",5114,secondary,金山路,,B,0,0,F,F,0.011000000000000,232.152336029272135
120.579868547694,31.2865028330803,"24435706",5114,secondary,金山路,,B,0,0,F,F,0.001000000000000,136.150923614295664
120.583332353392,31.2828969975204,"24435706",5114,secondary,金山路,,B,0,0,F,F,0.006000000000000,136.150923614295664
120.586774334518,31.2792717475886,"24435706",5114,secondary,金山路,,B,0,0,F,F,0.011000000000000,140.538743737175480
120.58468090581,31.3254140910079,"24435706",5114,secondary,金山路,,B,0,0,F,F,0.001000000000000,182.708429906330508
120.584559658434,31.3193681299611,"24435706",5114,secondary,金山路,,B,0,0,F,F,0.001000000000000,168.514470532785992
120.594027419204,31.3283666549439,"24435706",5114,secondary,金山路,,B,0,0,F,F,0.001000000000000,258.843861673990830
120.589127766495,31.3273713349964,"24435706",5114,secondary,金山路,,B,0,0,F,F,0.006000000000000,257.415289662643431
120.58557373678,31.3461289268651,"24435706",5114,secondary,金山路,,B,0,0,F,F,0.001000000000000,184.159872655536788
120.590357082475,31.3410440776314,"24435706",5114,secondary,金山路,,B,0,0,F,F,0.001000000000000,268.527830475401515
120.594463124941,31.3158811138822,"24435706",5114,secondary,金山路,,B,0,0,F,F,0.001000000000000,260.109404261735790
120.589486716807,31.315450962117,"24435706",5114,secondary,金山路,,B,0,0,F,F,0.006000000000000,265.580935079436870
120.586097412557,31.3115237169472,"24435706",5114,secondary,金山路,,B,0,0,F,F,0.001000000000000,350.396495532063398
120.595073734377,31.3120565132202,"24435706",5114,secondary,金山路,,B,0,0,F,F,0.001000000000000,258.573349503733311
120.590136355198,31.3113016781136,"24435706",5114,secondary,金山路,,B,0,0,F,F,0.006000000000000,258.166849275433265
120.586494754162,31.3095174010904,"24435706",5114,secondary,金山路,,B,0,0,F,F,0.001000000000000,169.779737067098182
120.5868028077,31.2733256889291,"24435706",5114,secondary,金山路,,B,0,0,F,F,0.001000000000000,173.897157759846380
120.587399020889,31.2683986908592,"24435706",5114,secondary,金山路,,B,0,0,F,F,0.006000000000000,167.416121997173576
120.596040684104,31.2784009732456,"24435706",5114,secondary,金山路,,B,0,0,F,F,0.001000000000000,249.315557832195935
120.591591772081,31.2761341437211,"24435706",5114,secondary,金山路,,B,0,0,F,F,0.006000000000000,235.856501192058829
120.587384463589,31.2773318347107,"24435706",5114,secondary,金山路,,B,0,0,F,F,0.001000000000000,205.033430268103388
120.590345718247,31.3375109854939,"24435706",5114,secondary,金山路,,B,0,0,F,F,0.001000000000000,244.407238913833339
120.58773844685,31.3337057770397,"24435706",5114,secondary,金山路,,B,0,0,F,F,0.001000000000000,124.543928911179705
120.591900150609,31.330954796013,"24435706",5114,secondary,金山路,,B,0,0,F,F,0.006000000000000,114.343678098206709
120.598524801681,31.2730220560627,"24435706",5114,secondary,金山路,,B,0,0,F,F,0.001000000000000,263.479526712733218
120.593667924396,31.272132259334,"24435706",5114,secondary,金山路,,B,0,0,F,F,0.006000000000000,233.904257469372681
120.588771512283,31.2713306320659,"24435706",5114,secondary,金山路,,B,0,0,F,F,0.011000000000000,266.636109583988286
120.595988291899,31.3060293297947,"24435706",5114,secondary,金山路,,B,0,0,F,F,0.001000000000000,264.718230549840655
120.591009521707,31.3055690609948,"24435706",5114,secondary,金山路,,B,0,0,F,F,0.006000000000000,264.718230549840655
120.587286449569,31.30417792698,"24435706",5114,secondary,金山路,,B,0,0,F,F,0.001000000000000,171.111451399153310
120.594705393559,31.2805893859511,"24435706",5114,secondary,金山路,,B,0,0,F,F,0.001000000000000,250.370578076061491
120.589995968203,31.2789097095466,"24435706",5114,secondary,金山路,,B,0,0,F,F,0.006000000000000,250.370578076061491
120.598808715093,31.2674790407609,"24435706",5114,secondary,金山路,,B,0,0,F,F,0.001000000000000,263.812037637040305
120.593837846932,31.266940088332,"24435706",5114,secondary,金山路,,B,0,0,F,F,0.006000000000000,263.812037637040305
120.588137130003,31.2651606236306,"24435706",5114,secondary,金山路,,B,0,0,F,F,0.001000000000000,167.084192289401727
120.591866893479,31.2628404568438,"24435706",5114,secondary,金山路,,B,0,0,F,F,0.006000000000000,92.963572807597998
120.596860206513,31.262581951631,"24435706",5114,secondary,金山路,,B,0,0,F,F,0.011000000000000,92.963572807597998
120.600214723604,31.3016522297379,"24435706",5114,secondary,金山路,,B,0,0,F,F,0.001000000000000,262.546805344206859
120.595256967813,31.3010036485872,"24435706",5114,secondary,金山路,,B,0,0,F,F,0.006000000000000,262.546805344206859
120.590299212021,31.3003550674364,"24435706",5114,secondary,金山路,,B,0,0,F,F,0.011000000000000,262.546805344206859
120.588110970734,31.2990603580181,"24435706",5114,secondary,金山路,,B,0,0,F,F,0.001000000000000,171.823026170998702
120.600693883472,31.3000861200777,"24435706",5114,secondary,金山路,,B,0,0,F,F,0.001000000000000,215.630299582987789
120.59752735169,31.2963188888375,"24435706",5114,secondary,金山路,,B,0,0,F,F,0.006000000000000,243.867421706196836
120.59295716723,31.2943265865072,"24435706",5114,secondary,金山路,,B,0,0,F,F,0.011000000000000,257.261447866570677
120.590291422935,31.2925959758675,"24435706",5114,secondary,金山路,,B,0,0,F,F,0.001000000000000,140.534608444179781
120.590886638803,31.3470010507437,"24435706",5114,secondary,金山路,,B,0,0,F,F,0.001000000000000,173.686614941286109
120.59154896752,31.3345025377856,"24435706",5114,secondary,金山路,,B,0,0,F,F,0.001000000000000,357.599489757294293
120.591347920032,31.3400698080158,"24435706",5114,secondary,金山路,,B,0,0,F,F,0.001000000000000,180.506063857830441
120.599844904057,31.3385136481765,"24435706",5114,secondary,金山路,,B,0,0,F,F,0.001000000000000,266.003046296595869
120.594857065269,31.3381651310002,"24435706",5114,secondary,金山路,,B,0,0,F,F,0.006000000000000,266.003046296595869
120.59884527802,31.3420475515003,"24435706",5114,secondary,金山路,,B,0,0,F,F,0.001000000000000,262.451938216208646
120.593888210389,31.3413937361025,"24435706",5114,secondary,金山路,,B,0,0,F,F,0.006000000000000,262.508926631160364
120.592384474091,31.332899801416,"24435706",5114,secondary,金山路,,B,0,0,F,F,0.001000000000000,124.204181989825202
120.606413738522,31.2921678258335,"24435706",5114,secondary,金山路,,B,0,0,F,F,0.001000000000000,260.140649022950186
120.601510164446,31.2912145358386,"24435706",5114,secondary,金山路,,B,0,0,F,F,0.006000000000000,253.685983508578602
120.596675905357,31.2899570946899,"24435706",5114,secondary,金山路,,B,0,0,F,F,0.011000000000000,247.720508336424245
120.594362626117,31.2875251922534,"24435706",5114,secondary,金山路,,B,0,0,F,F,0.001000000000000,161.635167767829046
120.595246293244,31.2826092744901,"24435706",5114,secondary,金山路,,B,0,0,F,F,0.006000000000000,170.658530528445908
120.600972835128,31.3333872836491,"24435706",5114,secondary,金山路,,B,0,0,F,F,0.001000000000000,260.466416592966425
120.596051739162,31.3325134231039,"24435706",5114,secondary,金山路,,B,0,0,F,F,0.006000000000000,255.229714593438359
120.600408689723,31.3312260267238,"24435706",5114,secondary,金山路,,B,0,0,F,F,0.001000000000000,258.010102225782475
120.595511207931,31.3308647958198,"24435706",5114,secondary,金山路,,B,0,0,F,F,0.006000000000000,289.840474414798678
120.598898046063,31.3248098055656,"24435706",5114,secondary,金山路,,B,0,0,F,F,0.001000000000000,216.553782434590886
120.596561914309,31.320493825779,"24435706",5114,secondary,金山路,,B,0,0,F,F,0.006000000000000,236.340364370884458
120.600085900475,31.3295036725996,"24435706",5114,secondary,金山路,,B,0,0,F,F,0.001000000000000,264.289691407390933
120.59584717368,31.3275933256097,"24435706",5114,secondary,金山路,,B,0,0,F,F,0.001000000000000,144.461939715904577
120.60893860176,31.3183428566105,"24435706",5114,secondary,金山路,,B,0,0,F,F,0.001000000000000,262.966606827049873
120.603994994173,31.3176350462431,"24435706",5114,secondary,金山路,,B,0,0,F,F,0.006000000000000,263.117846587574945
120.599124025079,31.3166320039434,"24435706",5114,secondary,金山路,,B,0,0,F,F,0.011000000000000,260.031420517159916
120.595695562921,31.3150140834015,"24435706",5114,secondary,金山路,,B,0,0,F,F,0.001000000000000,170.041911815122290
120.598296699576,31.281785402896,"24435706",5114,secondary,金山路,,B,0,0,F,F,0.001000000000000,250.841327465098402
120.596193818788,31.2800197494708,"24435706",5114,secondary,金山路,,B,0,0,F,F,0.001000000000000,141.866685571372415
120.596310912745,31.3112981176428,"24435706",5114,secondary,金山路,,B,0,0,F,F,0.001000000000000,172.479209447262690
120.610258185305,31.3122947517492,"24435706",5114,secondary,金山路,,B,0,0,F,F,0.001000000000000,259.591790181585509
120.605308735743,31.311588641505,"24435706",5114,secondary,金山路,,B,0,0,F,F,0.006000000000000,262.130683208105438
120.600413889634,31.310589979036,"24435706",5114,secondary,金山路,,B,0,0,F,F,0.011000000000000,256.432495738383238
120.601226108982,31.3064912022046,"24435706",5114,secondary,金山路,,B,0,0,F,F,0.001000000000000,265.057019437426504
120.598428003642,31.2790816943358,"24435706",5114,secondary,金山路,,B,0,0,F,F,0.001000000000000,261.053673665068402
120.597829421009,31.2778124706038,"24435706",5114,secondary,金山路,,B,0,0,F,F,0.001000000000000,142.346147398372636
120.598641595975,31.3454480880074,"24435706",5114,secondary,金山路,,B,0,0,F,F,0.001000000000000,167.176793964591269
120.599506760606,31.2781696557891,"24435706",5114,secondary,金山路,,B,0,0,F,F,0.001000000000000,178.241139672564429
120.599362355769,31.2755256065288,"24435706",5114,secondary,金山路,,B,0,0,F,F,0.001000000000000,163.145141773919960
120.607108495058,31.284713707085,"24435706",5114,secondary,金山路,,B,0,0,F,F,0.001000000000000,251.648429020095392
120.602362782689,31.2831394726312,"24435706",5114,secondary,金山路,,B,0,0,F,F,0.006000000000000,251.648429020095392
120.599428601182,31.2809717383026,"24435706",5114,secondary,金山路,,B,0,0,F,F,0.001000000000000,177.788291624252793
120.599564811899,31.2720985747322,"24435706",5114,secondary,金山路,,B,0,0,F,F,0.001000000000000,177.491768350685959
120.608139347632,31.2803107254635,"24435706",5114,secondary,金山路,,B,0,0,F,F,0.001000000000000,262.850540340753355
120.603178223276,31.2796884352377,"24435706",5114,secondary,金山路,,B,0,0,F,F,0.006000000000000,262.850540340753355
120.600572517377,31.2549755133813,"24435706",5114,secondary,金山路,,B,0,0,F,F,0.001000000000000,89.889695260523851
120.605572508111,31.2549851392797,"24435706",5114,secondary,金山路,,B,0,0,F,F,0.006000000000000,89.889695260523851
120.600134414059,31.2614952197021,"24435706",5114,secondary,金山路,,B,0,0,F,F,0.001000000000000,179.461263035850152
120.599457207592,31.2566524928573,"24435706",5114,secondary,金山路,,B,0,0,F,F,0.006000000000000,183.336045555400773
120.600196033385,31.2517773206062,"24435706",5114,secondary,金山路,,B,0,0,F,F,0.011000000000000,154.096027833059566
120.602640103555,31.2474181022575,"24435706",5114,secondary,金山路,,B,0,0,F,F,0.016000000000000,153.617013801764301
120.604518990733,31.2427934289484,"24435706",5114,secondary,金山路,,B,0,0,F,F,0.021000000000000,162.329197135106369
120.608840277654,31.2741560923814,"24435706",5114,secondary,金山路,,B,0,0,F,F,0.001000000000000,262.689976417959485
120.60386800167,31.2736370854553,"24435706",5114,secondary,金山路,,B,0,0,F,F,0.006000000000000,263.440153012818087
120.601022993706,31.3284227502077,"24435706",5114,secondary,金山路,,B,0,0,F,F,0.001000000000000,189.598030540420638
120.600470663738,31.3248326804501,"24435706",5114,secondary,金山路,,B,0,0,F,F,0.001000000000000,134.222784522682048
120.599879876261,31.2665525004214,"24435706",5114,secondary,金山路,,B,0,0,F,F,0.001000000000000,175.745381469443771
120.609364887765,31.2687806187733,"24435706",5114,secondary,金山路,,B,0,0,F,F,0.001000000000000,262.553773780407880
120.604407053128,31.2681326406003,"24435706",5114,secondary,金山路,,B,0,0,F,F,0.006000000000000,262.553773780407880
120.608383380151,31.3428423746803,"24435706",5114,secondary,金山路,,B,0,0,F,F,0.001000000000000,273.676470404072916
120.603399479991,31.3425377315772,"24435706",5114,secondary,金山路,,B,0,0,F,F,0.006000000000000,264.430390762584409
120.600338510159,31.3411269182631,"24435706",5114,secondary,金山路,,B,0,0,F,F,0.001000000000000,166.092239712623609
120.601557124304,31.336307390063,"24435706",5114,secondary,金山路,,B,0,0,F,F,0.006000000000000,165.699513821980531
120.60131532903,31.2624737388353,"24435706",5114,secondary,金山路,,B,0,0,F,F,0.001000000000000,90.214775197293790
120.606315293902,31.2624549962074,"24435706",5114,secondary,金山路,,B,0,0,F,F,0.006000000000000,90.214775197293790
120.603319155328,31.3020098314426,"24435706",5114,secondary,金山路,,B,0,0,F,F,0.001000000000000,264.220494117596104
120.602331473312,31.3296110252624,"24435706",5114,secondary,金山路,,B,0,0,F,F,0.001000000000000,85.206662679689785
120.607301980921,31.3300474814139,"24435706",5114,secondary,金山路,,B,0,0,F,F,0.006000000000000,80.173808325307846
120.602380005693,31.3007995486941,"24435706",5114,secondary,金山路,,B,0,0,F,F,0.001000000000000,85.920677952150825
120.601894080429,31.3324500887959,"24435706",5114,secondary,金山路,,B,0,0,F,F,0.001000000000000,197.498474554549546
120.610048340635,31.3348783046875,"24435706",5114,secondary,金山路,,B,0,0,F,F,0.001000000000000,259.885953692063197
120.605126039843,31.3340002643074,"24435706",5114,secondary,金山路,,B,0,0,F,F,0.006000000000000,259.885953692063197
120.611285480657,31.3074730105679,"24435706",5114,secondary,金山路,,B,0,0,F,F,0.001000000000000,262.406479723333121
120.606321387645,31.3068881964542,"24435706",5114,secondary,金山路,,B,0,0,F,F,0.006000000000000,265.649704481105118
120.602559368453,31.3054791589763,"24435706",5114,secondary,金山路,,B,0,0,F,F,0.001000000000000,149.876315689930578
120.611988577017,31.3026511816482,"24435706",5114,secondary,金山路,,B,0,0,F,F,0.001000000000000,263.661133279592320
120.607003428254,31.3022825851312,"24435706",5114,secondary,金山路,,B,0,0,F,F,0.006000000000000,266.544797454289778
120.604878481851,31.3001790485533,"24435706",5114,secondary,金山路,,B,0,0,F,F,0.001000000000000,150.668514764352153
120.606403526413,31.2954253809778,"24435706",5114,secondary,金山路,,B,0,0,F,F,0.006000000000000,161.048358670031917
120.611185169057,31.3291294716238,"24435706",5114,secondary,金山路,,B,0,0,F,F,0.001000000000000,260.725488253479625
120.60640196769,31.3279316564738,"24435706",5114,secondary,金山路,,B,0,0,F,F,0.006000000000000,223.469871917573357
120.605151029771,31.3245908652968,"24435706",5114,secondary,金山路,,B,0,0,F,F,0.001000000000000,167.457526539484121
120.614343882408,31.3229103169382,"24435706",5114,secondary,金山路,,B,0,0,F,F,0.001000000000000,256.960883489453806
120.609478409014,31.3217936417164,"24435706",5114,secondary,金山路,,B,0,0,F,F,0.006000000000000,259.947155851982188
120.608609637813,31.2925308591163,"24435706",5114,secondary,金山路,,B,0,0,F,F,0.001000000000000,80.756047733837221
120.613544704453,31.2933340510384,"24435706",5114,secondary,金山路,,B,0,0,F,F,0.006000000000000,80.756047733837221
120.618464942939,31.2940052767775,"24435706",5114,secondary,金山路,,B,0,0,F,F,0.011000000000000,82.366172394161040
120.607892576467,31.2912837479682,"24435706",5114,secondary,金山路,,B,0,0,F,F,0.001000000000000,161.244385836561293
120.608542923567,31.2870187749488,"24435706",5114,secondary,金山路,,B,0,0,F,F,0.001000000000000,190.523448799498624
120.608423032146,31.2840244308088,"24435706",5114,secondary,金山路,,B,0,0,F,F,0.001000000000000,166.689931370540990
120.608873352364,31.3205676646963,"24435706",5114,secondary,金山路,,B,0,0,F,F,0.001000000000000,161.667822807381469
120.6088539395,31.3462657404981,"24435706",5114,secondary,金山路,,B,0,0,F,F,0.001000000000000,169.066149488470728
120.609804800046,31.287872178052,"24435706",5114,secondary,金山路,,B,0,0,F,F,0.001000000000000,100.345545538566455
120.61466951719,31.2881587830008,"24435706",5114,secondary,金山路,,B,0,0,F,F,0.006000000000000,70.951308235959488
120.619558453378,31.288958328492,"24435706",5114,secondary,金山路,,B,0,0,F,F,0.011000000000000,90.171463443967895
120.621263847352,31.2817161578324,"24435706",5114,secondary,金山路,,B,0,0,F,F,0.001000000000000,263.148578445867656
120.616299553134,31.2811196824192,"24435706",5114,secondary,金山路,,B,0,0,F,F,0.006000000000000,263.148578445867656
120.611326614666,31.2806047978152,"24435706",5114,secondary,金山路,,B,0,0,F,F,0.011000000000000,264.755982864601833
120.609295714853,31.2794147665263,"24435706",5114,secondary,金山路,,B,0,0,F,F,0.001000000000000,172.822966356706701
120.61596648039,31.3440410945268,"24435706",5114,secondary,金山路,,B,0,0,F,F,0.001000000000000,254.095841984615703
120.611200382637,31.3426734298174,"24435706",5114,secondary,金山路,,B,0,0,F,F,0.006000000000000,271.310908235966622
120.609756579079,31.3416259137511,"24435706",5114,secondary,金山路,,B,0,0,F,F,0.001000000000000,169.182668450979833
120.610705424995,31.336740393665,"24435706",5114,secondary,金山路,,B,0,0,F,F,0.006000000000000,169.014499140297090
120.610996752008,31.2743962926314,"24435706",5114,secondary,金山路,,B,0,0,F,F,0.001000000000000,84.791191242065793
120.615985443152,31.2744969317804,"24435706",5114,secondary,金山路,,B,0,0,F,F,0.006000000000000,97.409912677683664
120.620963878777,31.2744816216088,"24435706",5114,secondary,金山路,,B,0,0,F,F,0.011000000000000,85.698778079244775
120.61018598229,31.2732309076077,"24435706",5114,secondary,金山路,,B,0,0,F,F,0.001000000000000,170.186211940285261
120.615127579259,31.3191441876439,"24435706",5114,secondary,金山路,,B,0,0,F,F,0.001000000000000,262.450439461369285
120.611016182239,31.3134496437304,"24435706",5114,secondary,金山路,,B,0,0,F,F,0.001000000000000,346.964856522896582
120.612788093135,31.3401252387846,"24435706",5114,secondary,金山路,,B,0,0,F,F,0.001000000000000,260.455705405422918
120.610390866773,31.267864177873,"24435706",5114,secondary,金山路,,B,0,0,F,F,0.001000000000000,178.281573299733367
120.611403974499,31.2689070713569,"24435706",5114,secondary,金山路,,B,0,0,F,F,0.001000000000000,90.198754489715242
120.616401963106,31.268998472018,"24435706",5114,secondary,金山路,,B,0,0,F,F,0.006000000000000,87.713648499420003
120.62139798274,31.2691979408782,"24435706",5114,secondary,金山路,,B,0,0,F,F,0.011000000000000,87.713648499420003
120.610576717663,31.2614394669954,"24435706",5114,secondary,金山路,,B,0,0,F,F,0.001000000000000,178.492061949131624
120.610958586394,31.2564856554146,"24435706",5114,secondary,金山路,,B,0,0,F,F,0.006000000000000,178.857269154069371
120.611552394447,31.2624703927748,"24435706",5114,secondary,金山路,,B,0,0,F,F,0.001000000000000,82.401505941515850
120.616459495997,31.2632626579837,"24435706",5114,secondary,金山路,,B,0,0,F,F,0.006000000000000,86.770631486939294
120.621420652954,31.2638017279262,"24435706",5114,secondary,金山路,,B,0,0,F,F,0.011000000000000,79.537363528840018
120.612037504266,31.2549731651975,"24435706",5114,secondary,金山路,,B,0,0,F,F,0.001000000000000,90.007836908952783
120.617037504219,31.2549724812982,"24435706",5114,secondary,金山路,,B,0,0,F,F,0.006000000000000,90.007836908952783
120.622037504173,31.2549717973988,"24435706",5114,secondary,金山路,,B,0,0,F,F,0.011000000000000,90.007836908952783
120.611062869442,31.2539386029088,"24435706",5114,secondary,金山路,,B,0,0,F,F,0.001000000000000,178.607445323662290
120.611184380799,31.2489400796279,"24435706",5114,secondary,金山路,,B,0,0,F,F,0.006000000000000,178.607445323662290
120.612626057423,31.335283218518,"24435706",5114,secondary,金山路,,B,0,0,F,F,0.001000000000000,260.823935680608542
120.610690315098,31.3321442825536,"24435706",5114,secondary,金山路,,B,0,0,F,F,0.001000000000000,172.569489022208444
120.612131329569,31.3335487019898,"24435706",5114,secondary,金山路,,B,0,0,F,F,0.001000000000000,117.100731662635511
120.616074240648,31.3129371439796,"24435706",5114,secondary,金山路,,B,0,0,F,F,0.001000000000000,264.069007274107491
120.611505824644,31.31141210241,"24435706",5114,secondary,金山路,,B,0,0,F,F,0.001000000000000,167.525315083961544
120.617493010314,31.3315269637984,"24435706",5114,secondary,金山路,,B,0,0,F,F,0.001000000000000,258.350872431589721
120.617180707458,31.3083983113253,"24435706",5114,secondary,金山路,,B,0,0,F,F,0.001000000000000,259.007295068328347
120.612447728325,31.3065969514131,"24435706",5114,secondary,金山路,,B,0,0,F,F,0.001000000000000,172.062854248721635
120.620485552868,31.3306739783301,"24435706",5114,secondary,金山路,,B,0,0,F,F,0.001000000000000,259.082716673243738
120.615571499666,31.3297537847944,"24435706",5114,secondary,金山路,,B,0,0,F,F,0.006000000000000,261.641709169556464
120.615040609947,31.3241707802366,"24435706",5114,secondary,金山路,,B,0,0,F,F,0.001000000000000,341.502410983629147
120.617954776116,31.3033320515563,"24435706",5114,secondary,金山路,,B,0,0,F,F,0.001000000000000,262.860628310165509
120.613198896272,31.30172972552,"24435706",5114,secondary,金山路,,B,0,0,F,F,0.001000000000000,168.870936870842286
120.613790706395,31.3391508672153,"24435706",5114,secondary,金山路,,B,0,0,F,F,0.001000000000000,187.599508750048983
120.61661675375,31.3407283360676,"24435706",5114,secondary,金山路,,B,0,0,F,F,0.001000000000000,261.249077422194318
120.614808945171,31.299444076347,"24435706",5114,secondary,金山路,,B,0,0,F,F,0.001000000000000,84.737655810805165
120.613907506949,31.2983073947893,"24435706",5114,secondary,金山路,,B,0,0,F,F,0.001000000000000,165.801917184967238
120.619854379396,31.3364388084218,"24435706",5114,secondary,金山路,,B,0,0,F,F,0.001000000000000,260.985715845083178
120.614916132846,31.3356554049401,"24435706",5114,secondary,金山路,,B,0,0,F,F,0.006000000000000,260.985715845083178
120.614117507953,31.3344465009578,"24435706",5114,secondary,金山路,,B,0,0,F,F,0.001000000000000,156.278005512057433
120.6219024229,31.3243919874637,"24435706",5114,secondary,金山路,,B,0,0,F,F,0.001000000000000,258.896549301813423
120.616996017563,31.323429082136,"24435706",5114,secondary,金山路,,B,0,0,F,F,0.006000000000000,258.896549301813423
120.615752165492,31.3220752342029,"24435706",5114,secondary,金山路,,B,0,0,F,F,0.001000000000000,167.758489757995079
120.616099695814,31.3485931620184,"24435706",5114,secondary,金山路,,B,0,0,F,F,0.001000000000000,168.227181186689279
120.6162649672,31.3182862951103,"24435706",5114,secondary,金山路,,B,0,0,F,F,0.001000000000000,171.601544836411080
120.617071906218,31.3133590747353,"24435706",5114,secondary,金山路,,B,0,0,F,F,0.006000000000000,182.071847991398613
120.617138846702,31.319447714047,"24435706",5114,secondary,金山路,,B,0,0,F,F,0.001000000000000,82.492664206398814
120.62209598741,31.3201009796948,"24435706",5114,secondary,金山路,,B,0,0,F,F,0.006000000000000,82.492664206398814
120.617163187899,31.3433431248043,"24435706",5114,secondary,金山路,,B,0,0,F,F,0.001000000000000,166.409197592729384
120.61922509172,31.3449240954032,"24435706",5114,secondary,金山路,,B,0,0,F,F,0.001000000000000,260.800517504152822
120.618537937941,31.341036246006,"24435706",5114,secondary,金山路,,B,0,0,F,F,0.001000000000000,80.992019807679014
120.625428134341,31.3099675044114,"24435706",5114,secondary,金山路,,B,0,0,F,F,0.001000000000000,259.198418006153418
120.620516723958,31.3090304622292,"24435706",5114,secondary,金山路,,B,0,0,F,F,0.006000000000000,259.198418006153418
120.618824385481,31.3044487864441,"24435706",5114,secondary,金山路,,B,0,0,F,F,0.001000000000000,352.955660742728071
120.620575870436,31.3335744517622,"24435706",5114,secondary,金山路,,B,0,0,F,F,0.001000000000000,258.511848011144878
120.620661966067,31.3320944196175,"24435706",5114,secondary,金山路,,B,0,0,F,F,0.001000000000000,270.335759220852481
120.618895852202,31.3507229309908,"24435706",5114,secondary,金山路,,B,0,0,F,F,0.001000000000000,162.605807022694904
120.627042389782,31.3041756170346,"24435706",5114,secondary,金山路,,B,0,0,F,F,0.001000000000000,264.431166429130542
120.622081815841,31.3035936193451,"24435706",5114,secondary,金山路,,B,0,0,F,F,0.006000000000000,269.130492867334510
120.619116843382,31.3024532603202,"24435706",5114,secondary,金山路,,B,0,0,F,F,0.001000000000000,171.317537359429593
120.619683143352,31.2990583219501,"24435706",5114,secondary,金山路,,B,0,0,F,F,0.001000000000000,169.567858184182285
120.627423166644,31.3009244554409,"24435706",5114,secondary,金山路,,B,0,0,F,F,0.001000000000000,263.908047176759283
120.622431085917,31.3006636847081,"24435706",5114,secondary,金山路,,B,0,0,F,F,0.006000000000000,267.480886658483769
120.623636870631,31.3415263271615,"24435706",5114,secondary,金山路,,B,0,0,F,F,0.001000000000000,263.676936899305815
120.619994175294,31.3399491656097,"24435706",5114,secondary,金山路,,B,0,0,F,F,0.001000000000000,165.775310197895209
120.62328738501,31.3442616568587,"24435706",5114,secondary,金山路,,B,0,0,F,F,0.001000000000000,288.061868415060701
120.620509698535,31.2932705473042,"24435706",5114,secondary,金山路,,B,0,0,F,F,0.001000000000000,171.361752738318131
120.621356459948,31.294392513685,"24435706",5114,secondary,金山路,,B,0,0,F,F,0.001000000000000,82.737583956669994
120.626316347843,31.2950245833574,"24435706",5114,secondary,金山路,,B,0,0,F,F,0.006000000000000,82.737583956669994
120.625495169646,31.3373576295659,"24435706",5114,secondary,金山路,,B,0,0,F,F,0.001000000000000,260.857371813522491
120.621334788522,31.334748880026,"24435706",5114,secondary,金山路,,B,0,0,F,F,0.001000000000000,347.229415750746682
120.622226237235,31.2890450603526,"24435706",5114,secondary,金山路,,B,0,0,F,F,0.001000000000000,83.779954299798007
120.627196802825,31.2895867961836,"24435706",5114,secondary,金山路,,B,0,0,F,F,0.006000000000000,83.779954299798007
120.621317366978,31.287941774104,"24435706",5114,secondary,金山路,,B,0,0,F,F,0.001000000000000,171.998575406881372
120.622072250004,31.2829992568649,"24435706",5114,secondary,金山路,,B,0,0,F,F,0.006000000000000,170.993864485657355
120.621636833318,31.3297557742835,"24435706",5114,secondary,金山路,,B,0,0,F,F,0.001000000000000,176.066759212353162
120.626191809225,31.3346736364927,"24435706",5114,secondary,金山路,,B,0,0,F,F,0.001000000000000,258.829220518703323
120.62274022544,31.3321978698412,"24435706",5114,secondary,金山路,,B,0,0,F,F,0.001000000000000,77.484971488736221
120.632731789935,31.2829404765993,"24435706",5114,secondary,金山路,,B,0,0,F,F,0.001000000000000,263.841718934629455
120.627760643243,31.282404099333,"24435706",5114,secondary,金山路,,B,0,0,F,F,0.006000000000000,263.841718934629455
120.622538433352,31.2807983395992,"24435706",5114,secondary,金山路,,B,0,0,F,F,0.001000000000000,169.021917024693465
120.623490600778,31.2758898390958,"24435706",5114,secondary,金山路,,B,0,0,F,F,0.006000000000000,169.021917024693465
120.62326170734,31.3237192152605,"24435706",5114,secondary,金山路,,B,0,0,F,F,0.001000000000000,165.557554322585531
120.624688493496,31.2744073128877,"24435706",5114,secondary,金山路,,B,0,0,F,F,0.001000000000000,91.061399551425907
120.629685655886,31.2743938838762,"24435706",5114,secondary,金山路,,B,0,0,F,F,0.006000000000000,86.074486029296267
120.623740934671,31.273386081378,"24435706",5114,secondary,金山路,,B,0,0,F,F,0.001000000000000,172.865789233578170
120.632430844601,31.321804258072,"24435706",5114,secondary,金山路,,B,0,0,F,F,0.001000000000000,260.000201198045602
120.627506802787,31.3209360344748,"24435706",5114,secondary,金山路,,B,0,0,F,F,0.006000000000000,260.000201198045602
120.624217297137,31.3193420773997,"24435706",5114,secondary,金山路,,B,0,0,F,F,0.001000000000000,169.158532053655449
120.625451862633,31.3145038051921,"24435706",5114,secondary,金山路,,B,0,0,F,F,0.006000000000000,167.083057461284142
120.63270702418,31.3439725649899,"24435706",5114,secondary,金山路,,B,0,0,F,F,0.001000000000000,259.292932377365162
120.627775210524,31.3432026776619,"24435706",5114,secondary,金山路,,B,0,0,F,F,0.006000000000000,273.430686827737418
120.624285730432,31.3428086782461,"24435706",5114,secondary,金山路,,B,0,0,F,F,0.001000000000000,155.016506720368170
120.634149707043,31.2698441831513,"24435706",5114,secondary,金山路,,B,0,0,F,F,0.001000000000000,269.232592821770595
120.629156029653,31.2696228179788,"24435706",5114,secondary,金山路,,B,0,0,F,F,0.006000000000000,266.409834789879540
120.624469932747,31.2682881305496,"24435706",5114,secondary,金山路,,B,0,0,F,F,0.001000000000000,171.273550038366068
120.626238515866,31.3385513381531,"24435706",5114,secondary,金山路,,B,0,0,F,F,0.001000000000000,341.221409815730453
120.634997688701,31.2646943512158,"24435706",5114,secondary,金山路,,B,0,0,F,F,0.001000000000000,266.387457453648437
120.630007623905,31.2643793062418,"24435706",5114,secondary,金山路,,B,0,0,F,F,0.006000000000000,266.387457453648437
120.625132375538,31.2632967892379,"24435706",5114,secondary,金山路,,B,0,0,F,F,0.001000000000000,177.734089504385736
120.625322817688,31.2583004822939,"24435706",5114,secondary,金山路,,B,0,0,F,F,0.006000000000000,178.842837437333031
120.626418388644,31.2549842650349,"24435706",5114,secondary,金山路,,B,0,0,F,F,0.001000000000000,90.149633711171219
120.631418371593,31.254971207045,"24435706",5114,secondary,金山路,,B,0,0,F,F,0.006000000000000,90.149633711171219
120.636162342768,31.2536231214443,"24435706",5114,secondary,金山路,,B,0,0,F,F,0.011000000000000,111.770107740898382
120.625431163176,31.2539801642253,"24435706",5114,secondary,金山路,,B,0,0,F,F,0.001000000000000,179.271697619559404
120.634220586356,31.3380330052427,"24435706",5114,secondary,金山路,,B,0,0,F,F,0.001000000000000,264.526873085635884
120.629227480148,31.3377911345176,"24435706",5114,secondary,金山路,,B,0,0,F,F,0.006000000000000,267.732004038962202
120.626956476709,31.3358436782953,"24435706",5114,secondary,金山路,,B,0,0,F,F,0.001000000000000,347.503111083123201
120.634974187447,31.3353235537758,"24435706",5114,secondary,金山路,,B,0,0,F,F,0.001000000000000,268.148902018466174
120.629976796698,31.3351620431037,"24435706",5114,secondary,金山路,,B,0,0,F,F,0.006000000000000,268.148902018466174
120.628544325875,31.3332587965899,"24435706",5114,secondary,金山路,,B,0,0,F,F,0.001000000000000,90.326324027212323
120.633532476641,31.3330755648856,"24435706",5114,secondary,金山路,,B,0,0,F,F,0.006000000000000,88.596910698432339
120.635928824801,31.3296341006303,"24435706",5114,secondary,金山路,,B,0,0,F,F,0.011000000000000,172.760760476973132
120.628595741919,31.3257288665697,"24435706",5114,secondary,金山路,,B,0,0,F,F,0.001000000000000,81.103170875491116
120.627798129581,31.3093647403039,"24435706",5114,secondary,金山路,,B,0,0,F,F,0.001000000000000,188.816993370316140
120.637282283433,31.3125415383987,"24435706",5114,secondary,金山路,,B,0,0,F,F,0.001000000000000,256.676369057015961
120.632391686524,31.3115126506851,"24435706",5114,secondary,金山路,,B,0,0,F,F,0.006000000000000,260.254146916781224
120.628321370111,31.3020533746601,"24435706",5114,secondary,金山路,,B,0,0,F,F,0.001000000000000,353.109094485066919
120.628489688178,31.3000331874152,"24435706",5114,secondary,金山路,,B,0,0,F,F,0.001000000000000,175.861441738138382
120.629439431731,31.3011224981735,"24435706",5114,secondary,金山路,,B,0,0,F,F,0.001000000000000,86.451127515095820
120.63442984354,31.3014319977335,"24435706",5114,secondary,金山路,,B,0,0,F,F,0.006000000000000,86.451127515095820
120.63942087594,31.3015752165853,"24435706",5114,secondary,金山路,,B,0,0,F,F,0.011000000000000,94.941249365887401
120.630699173522,31.295480044589,"24435706",5114,secondary,金山路,,B,0,0,F,F,0.001000000000000,265.352101634325436
120.632651779861,31.2956221974027,"24435706",5114,secondary,金山路,,B,0,0,F,F,0.001000000000000,86.031901759385590
120.637637898576,31.2959918862446,"24435706",5114,secondary,金山路,,B,0,0,F,F,0.006000000000000,84.818979229635147
120.632491518089,31.2912289829603,"24435706",5114,secondary,金山路,,B,0,0,F,F,0.001000000000000,347.575673098756226
120.632254235099,31.2538034467452,"24435706",5114,secondary,金山路,,B,0,0,F,F,0.001000000000000,176.703571440901925
120.633770990808,31.2903629814367,"24435706",5114,secondary,金山路,,B,0,0,F,F,0.001000000000000,84.263981006831628
120.6387657042,31.2904359166084,"24435706",5114,secondary,金山路,,B,0,0,F,F,0.006000000000000,93.742512031309815
120.632978135806,31.2892208354123,"24435706",5114,secondary,金山路,,B,0,0,F,F,0.001000000000000,168.847226704552014
120.63358515038,31.2842589103258,"24435706",5114,secondary,金山路,,B,0,0,F,F,0.006000000000000,173.365780065955903
120.633437741742,31.3253647523686,"24435706",5114,secondary,金山路,,B,0,0,F,F,0.001000000000000,182.172369510603687
120.635304244421,31.3266179474366,"24435706",5114,secondary,金山路,,B,0,0,F,F,0.001000000000000,261.300218682019249
120.6417303733,31.283786024645,"24435706",5114,secondary,金山路,,B,0,0,F,F,0.001000000000000,264.504409133297145
120.636753355445,31.2833071788818,"24435706",5114,secondary,金山路,,B,0,0,F,F,0.006000000000000,264.504409133297145
120.634484698937,31.2757255259048,"24435706",5114,secondary,金山路,,B,0,0,F,F,0.001000000000000,355.690126196839003
120.634067108864,31.2807077054506,"24435706",5114,secondary,金山路,,B,0,0,F,F,0.006000000000000,354.252359873168814
120.634838252891,31.3442573222545,"24435706",5114,secondary,金山路,,B,0,0,F,F,0.001000000000000,81.326222332605013
120.639768099971,31.3450786577209,"24435706",5114,secondary,金山路,,B,0,0,F,F,0.006000000000000,83.490973664748495
120.634127899299,31.3430564765485,"24435706",5114,secondary,金山路,,B,0,0,F,F,0.001000000000000,164.865936527583528
120.635199602409,31.3382181368119,"24435706",5114,secondary,金山路,,B,0,0,F,F,0.006000000000000,151.203633027093844
120.64261443508,31.2755973079488,"24435706",5114,secondary,金山路,,B,0,0,F,F,0.001000000000000,259.596492771616226
120.637691147908,31.2748998229998,"24435706",5114,secondary,金山路,,B,0,0,F,F,0.006000000000000,265.964191612775835
120.63470630883,31.2736875599458,"24435706",5114,secondary,金山路,,B,0,0,F,F,0.001000000000000,172.281705405148699
120.644388178885,31.2706134078843,"24435706",5114,secondary,金山路,,B,0,0,F,F,0.001000000000000,262.275642223343652
120.639433548138,31.2699413705671,"24435706",5114,secondary,金山路,,B,0,0,F,F,0.006000000000000,262.275642223343652
120.635400845477,31.2687591668593,"24435706",5114,secondary,金山路,,B,0,0,F,F,0.001000000000000,170.612768254537372
120.645853036705,31.2653659535907,"24435706",5114,secondary,金山路,,B,0,0,F,F,0.001000000000000,265.781902023007092
120.640863518512,31.2650435832877,"24435706",5114,secondary,金山路,,B,0,0,F,F,0.006000000000000,266.501143140708677
120.636087896456,31.2637499056582,"24435706",5114,secondary,金山路,,B,0,0,F,F,0.001000000000000,175.403757328768819
120.637137560995,31.2589318170183,"24435706",5114,secondary,金山路,,B,0,0,F,F,0.006000000000000,175.405737884065729
120.63795206762,31.2540684408495,"24435706",5114,secondary,金山路,,B,0,0,F,F,0.011000000000000,146.823135814892851
120.637445502233,31.3268730449845,"24435706",5114,secondary,金山路,,B,0,0,F,F,0.001000000000000,82.899423079884272
120.637992231972,31.3137351794179,"24435706",5114,secondary,金山路,,B,0,0,F,F,0.001000000000000,337.129005743650566
120.636738783186,31.3185506226268,"24435706",5114,secondary,金山路,,B,0,0,F,F,0.006000000000000,347.064825140759979
120.637482623118,31.3229843032912,"24435706",5114,secondary,金山路,,B,0,0,F,F,0.011000000000000,340.499157495020711
120.637510105743,31.3354310461721,"24435706",5114,secondary,金山路,,B,0,0,F,F,0.001000000000000,86.091978797393850
120.642498479479,31.3357718209831,"24435706",5114,secondary,金山路,,B,0,0,F,F,0.006000000000000,86.091978797393850
120.647434985756,31.3357334146183,"24435706",5114,secondary,金山路,,B,0,0,F,F,0.011000000000000,113.412029490912644
120.636782621497,31.334120119236,"24435706",5114,secondary,金山路,,B,0,0,F,F,0.001000000000000,148.926594853429748
120.640192997164,31.3306052068638,"24435706",5114,secondary,金山路,,B,0,0,F,F,0.006000000000000,133.804700699799383
120.639337012029,31.3129745304588,"24435706",5114,secondary,金山路,,B,0,0,F,F,0.001000000000000,77.776024044882050
120.644223648918,31.3140331993926,"24435706",5114,secondary,金山路,,B,0,0,F,F,0.006000000000000,77.776024044882050
120.638644588696,31.3117302419876,"24435706",5114,secondary,金山路,,B,0,0,F,F,0.001000000000000,164.570281115993566
120.639959138934,31.3069080635474,"24435706",5114,secondary,金山路,,B,0,0,F,F,0.006000000000000,162.024726033099910
120.640381965144,31.2522950529537,"24435706",5114,secondary,金山路,,B,0,0,F,F,0.001000000000000,93.999020520167676
120.645370093972,31.2519519269876,"24435706",5114,secondary,金山路,,B,0,0,F,F,0.006000000000000,92.219297383745328
120.650351021751,31.252260857244,"24435706",5114,secondary,金山路,,B,0,0,F,F,0.011000000000000,84.288101875728614
120.63947067366,31.2512461131487,"24435706",5114,secondary,金山路,,B,0,0,F,F,0.001000000000000,168.214605416104888
120.640491906257,31.2463515157209,"24435706",5114,secondary,金山路,,B,0,0,F,F,0.006000000000000,168.214605416104888
120.641942220324,31.3017566883156,"24435706",5114,secondary,金山路,,B,0,0,F,F,0.001000000000000,72.517503872597601
120.64683647308,31.3026520091264,"24435706",5114,secondary,金山路,,B,0,0,F,F,0.006000000000000,88.979406039967870
120.641179889927,31.3004747770586,"24435706",5114,secondary,金山路,,B,0,0,F,F,0.001000000000000,168.960926905787801
120.642772574113,31.2910494057419,"24435706",5114,secondary,金山路,,B,0,0,F,F,0.001000000000000,207.861617083478592
120.641727535115,31.2891490511174,"24435706",5114,secondary,金山路,,B,0,0,F,F,0.001000000000000,168.988553922485721
120.648244760439,31.3290093630398,"24435706",5114,secondary,金山路,,B,0,0,F,F,0.001000000000000,258.041633454216822
120.643392024219,31.3278240822736,"24435706",5114,secondary,金山路,,B,0,0,F,F,0.006000000000000,259.127845243408444
120.64221987053,31.3265195321226,"24435706",5114,secondary,金山路,,B,0,0,F,F,0.001000000000000,165.298854510757479
120.643533002227,31.3216953623709,"24435706",5114,secondary,金山路,,B,0,0,F,F,0.006000000000000,164.005976416863604
120.64237228907,31.2954795681104,"24435706",5114,secondary,金山路,,B,0,0,F,F,0.001000000000000,170.795310457527506
120.648144673819,31.284389819953,"24435706",5114,secondary,金山路,,B,0,0,F,F,0.001000000000000,264.603720396159986
120.642968480235,31.2828487463359,"24435706",5114,secondary,金山路,,B,0,0,F,F,0.001000000000000,175.944698657929791
120.643183786786,31.2779018476385,"24435706",5114,secondary,金山路,,B,0,0,F,F,0.006000000000000,168.964843825582136
120.644049413641,31.2920179437347,"24435706",5114,secondary,金山路,,B,0,0,F,F,0.001000000000000,89.302200344146087
120.649011126042,31.2915142292469,"24435706",5114,secondary,金山路,,B,0,0,F,F,0.006000000000000,98.381774637110041
120.646868613508,31.2762724644356,"24435706",5114,secondary,金山路,,B,0,0,F,F,0.001000000000000,260.703616737577761
120.643833682209,31.2747628145812,"24435706",5114,secondary,金山路,,B,0,0,F,F,0.001000000000000,168.993393136800137
120.649956629228,31.3210731294098,"24435706",5114,secondary,金山路,,B,0,0,F,F,0.001000000000000,260.331281786281579
120.644259079893,31.3191419630546,"24435706",5114,secondary,金山路,,B,0,0,F,F,0.001000000000000,164.175061691616548
120.646567779714,31.2709070865619,"24435706",5114,secondary,金山路,,B,0,0,F,F,0.001000000000000,82.013498794980237
120.646689397602,31.2664886909153,"24435706",5114,secondary,金山路,,B,0,0,F,F,0.001000000000000,344.607611943389884
120.646685845831,31.3144982492284,"24435706",5114,secondary,金山路,,B,0,0,F,F,0.001000000000000,81.726521653297837
120.647208131266,31.3087536410369,"24435706",5114,secondary,金山路,,B,0,0,F,F,0.001000000000000,344.059688436437284
120.649357115711,31.2655945111244,"24435706",5114,secondary,金山路,,B,0,0,F,F,0.001000000000000,266.434056447209514
120.651985446872,31.3080651410637,"24435706",5114,secondary,金山路,,B,0,0,F,F,0.001000000000000,268.916864335868809
120.647741559092,31.3068697150744,"24435706",5114,secondary,金山路,,B,0,0,F,F,0.001000000000000,164.352668700771574
120.648183525848,31.2788794801025,"24435706",5114,secondary,金山路,,B,0,0,F,F,0.001000000000000,188.667021470410219
120.648083918696,31.2753924547716,"24435706",5114,secondary,金山路,,B,0,0,F,F,0.001000000000000,171.113102358039271
120.649229456325,31.2705600858889,"24435706",5114,secondary,金山路,,B,0,0,F,F,0.006000000000000,165.182790713612235
120.649135057265,31.2833606781199,"24435706",5114,secondary,金山路,,B,0,0,F,F,0.001000000000000,191.927044594128915
120.661574591006,31.2812309458613,"24435706",5114,secondary,金山路,,B,0,0,F,F,0.001000000000000,263.036744423363871
120.656611470488,31.280624781924,"24435706",5114,secondary,金山路,,B,0,0,F,F,0.006000000000000,263.036744423363871
120.651648349969,31.2800186179868,"24435706",5114,secondary,金山路,,B,0,0,F,F,0.011000000000000,263.036744423363871
120.648439127121,31.3436056103743,"24435706",5114,secondary,金山路,,B,0,0,F,F,0.001000000000000,350.727575957439569
120.647814094559,31.3485065712425,"24435706",5114,secondary,金山路,,B,0,0,F,F,0.006000000000000,6.282847312250474
120.677199289284,31.3458506224656,"24435706",5114,secondary,金山路,,B,0,0,F,F,0.001000000000000,258.022033364786409
120.672308151875,31.3448129448449,"24435706",5114,secondary,金山路,,B,0,0,F,F,0.006000000000000,258.022033364786409
120.667411837497,31.3438022537133,"24435706",5114,secondary,金山路,,B,0,0,F,F,0.011000000000000,260.259089838272587
120.662433846785,31.3433823639273,"24435706",5114,secondary,金山路,,B,0,0,F,F,0.016000000000000,266.334616411693958
120.657441525656,31.3431107540031,"24435706",5114,secondary,金山路,,B,0,0,F,F,0.021000000000000,267.590466163051985
120.652447071805,31.3428790583429,"24435706",5114,secondary,金山路,,B,0,0,F,F,0.026000000000000,266.412994047451377
120.648617163813,31.3416594046935,"24435706",5114,secondary,金山路,,B,0,0,F,F,0.001000000000000,174.876489344352279
120.649063678829,31.3366793821694,"24435706",5114,secondary,金山路,,B,0,0,F,F,0.006000000000000,174.876489344352279
120.649999684941,31.3028514914676,"24435706",5114,secondary,金山路,,B,0,0,F,F,0.001000000000000,83.042216314648982
120.649200929295,31.3016664136026,"24435706",5114,secondary,金山路,,B,0,0,F,F,0.001000000000000,164.293559580848125
120.648509749973,31.3332129249378,"24435706",5114,secondary,金山路,,B,0,0,F,F,0.001000000000000,233.438552140828250
120.653045820526,31.3302430009651,"24435706",5114,secondary,金山路,,B,0,0,F,F,0.001000000000000,229.418219420612871
120.649488560372,31.3281847587879,"24435706",5114,secondary,金山路,,B,0,0,F,F,0.001000000000000,168.071998700320933
120.650533771853,31.3233277101857,"24435706",5114,secondary,金山路,,B,0,0,F,F,0.006000000000000,167.644531765476927
120.650160639932,31.3332955369797,"24435706",5114,secondary,金山路,,B,0,0,F,F,0.001000000000000,131.827582931503940
120.650961523556,31.294187301069,"24435706",5114,secondary,金山路,,B,0,0,F,F,0.001000000000000,177.463498257125849
120.65039100946,31.2892713295351,"24435706",5114,secondary,金山路,,B,0,0,F,F,0.006000000000000,191.931539164999208
120.661086067984,31.2855689732531,"24435706",5114,secondary,金山路,,B,0,0,F,F,0.001000000000000,261.605172772325147
120.656109159652,31.2850980046057,"24435706",5114,secondary,金山路,,B,0,0,F,F,0.006000000000000,264.970717938506425
120.651128409525,31.2846596803309,"24435706",5114,secondary,金山路,,B,0,0,F,F,0.011000000000000,264.970717938506425
120.654255979791,31.3269644356386,"24435706",5114,secondary,金山路,,B,0,0,F,F,0.001000000000000,257.596137338064239
120.651167072066,31.2989146534776,"24435706",5114,secondary,金山路,,B,0,0,F,F,0.001000000000000,89.626544833747090
120.650275700056,31.2978129074369,"24435706",5114,secondary,金山路,,B,0,0,F,F,0.001000000000000,164.960440038751500
120.66410888914,31.2665115808136,"24435706",5114,secondary,金山路,,B,0,0,F,F,0.001000000000000,266.479623760156642
120.659118324017,31.2662045632895,"24435706",5114,secondary,金山路,,B,0,0,F,F,0.006000000000000,266.479623760156642
120.654127758895,31.2658975457655,"24435706",5114,secondary,金山路,,B,0,0,F,F,0.011000000000000,266.479623760156642
120.650763912729,31.2645771235106,"24435706",5114,secondary,金山路,,B,0,0,F,F,0.001000000000000,165.559344285914051
120.652010798269,31.2597350912461,"24435706",5114,secondary,金山路,,B,0,0,F,F,0.006000000000000,165.559344285914051
120.653238718283,31.2548883545396,"24435706",5114,secondary,金山路,,B,0,0,F,F,0.011000000000000,166.578327637124289
120.652004132313,31.2952423577004,"24435706",5114,secondary,金山路,,B,0,0,F,F,0.001000000000000,88.946003972008626
120.655298891622,31.3219084049314,"24435706",5114,secondary,金山路,,B,0,0,F,F,0.001000000000000,260.755602417247985
120.651231516843,31.3201862171906,"24435706",5114,secondary,金山路,,B,0,0,F,F,0.001000000000000,168.957912736987538
120.652274384105,31.3143006720192,"24435706",5114,secondary,金山路,,B,0,0,F,F,0.001000000000000,170.325864135135390
120.652906014339,31.3093412145223,"24435706",5114,secondary,金山路,,B,0,0,F,F,0.006000000000000,173.645654909565451
120.655034811628,31.3157599822686,"24435706",5114,secondary,金山路,,B,0,0,F,F,0.001000000000000,261.001163306974775
120.654077647118,31.3081046829341,"24435706",5114,secondary,金山路,,B,0,0,F,F,0.001000000000000,89.099664161918000
120.653175199225,31.3070328281768,"24435706",5114,secondary,金山路,,B,0,0,F,F,0.001000000000000,174.613357106956869
120.653655316135,31.3020877437763,"24435706",5114,secondary,金山路,,B,0,0,F,F,0.006000000000000,174.179193139340043
120.671219014707,31.3339828367695,"24435706",5114,secondary,金山路,,B,0,0,F,F,0.001000000000000,258.644419502614255
120.666316894121,31.3329983502216,"24435706",5114,secondary,金山路,,B,0,0,F,F,0.006000000000000,258.644419502614255
120.661414773535,31.3320138636737,"24435706",5114,secondary,金山路,,B,0,0,F,F,0.011000000000000,258.644419502614255
120.656506327281,31.3310729287612,"24435706",5114,secondary,金山路,,B,0,0,F,F,0.016000000000000,264.827282385064848
120.65499009849,31.2524751009858,"24435706",5114,secondary,金山路,,B,0,0,F,F,0.001000000000000,95.208994679200373
120.654092584829,31.2513926068895,"24435706",5114,secondary,金山路,,B,0,0,F,F,0.001000000000000,164.932436447642232
120.655392374283,31.246564507121,"24435706",5114,secondary,金山路,,B,0,0,F,F,0.006000000000000,164.932436447642232
120.654999790757,31.2988961121294,"24435706",5114,secondary,金山路,,B,0,0,F,F,0.001000000000000,90.223503377048189
120.654078609904,31.2978044817841,"24435706",5114,secondary,金山路,,B,0,0,F,F,0.001000000000000,171.852364553252585
120.65530423591,31.2951968650365,"24435706",5114,secondary,金山路,,B,0,0,F,F,0.001000000000000,95.765642093002725
120.663124934904,31.3289107269801,"24435706",5114,secondary,金山路,,B,0,0,F,F,0.001000000000000,257.591185645640167
120.658241738744,31.3278362991031,"24435706",5114,secondary,金山路,,B,0,0,F,F,0.006000000000000,257.591185645640167
120.655457523124,31.3260508297254,"24435706",5114,secondary,金山路,,B,0,0,F,F,0.001000000000000,167.680221144387360
120.656125126725,31.3174190719291,"24435706",5114,secondary,金山路,,B,0,0,F,F,0.001000000000000,181.162064479340330
120.656454400482,31.315018592819,"24435706",5114,secondary,金山路,,B,0,0,F,F,0.001000000000000,158.955752944809348
120.66430336863,31.3233018627828,"24435706",5114,secondary,金山路,,B,0,0,F,F,0.001000000000000,259.150459659853368
120.659365646038,31.3225162905901,"24435706",5114,secondary,金山路,,B,0,0,F,F,0.006000000000000,261.088790535366059
120.656559775221,31.3210170667392,"24435706",5114,secondary,金山路,,B,0,0,F,F,0.001000000000000,169.852696864332586
120.665117487829,31.3195956849301,"24435706",5114,secondary,金山路,,B,0,0,F,F,0.001000000000000,260.829130777260275
120.660181400702,31.3187987885334,"24435706",5114,secondary,金山路,,B,0,0,F,F,0.006000000000000,260.829130777260275
120.666024258641,31.315296689972,"24435706",5114,secondary,金山路,,B,0,0,F,F,0.001000000000000,260.885432023552255
120.661087390832,31.3145046443663,"24435706",5114,secondary,金山路,,B,0,0,F,F,0.006000000000000,260.885432023552255
120.657651359786,31.3128253984256,"24435706",5114,secondary,金山路,,B,0,0,F,F,0.001000000000000,147.683736583003764
120.65857740096,31.307176369821,"24435706",5114,secondary,金山路,,B,0,0,F,F,0.001000000000000,181.782505660138469
120.658492444313,31.3021785573899,"24435706",5114,secondary,金山路,,B,0,0,F,F,0.006000000000000,178.594059271572974
120.666593612048,31.308236084998,"24435706",5114,secondary,金山路,,B,0,0,F,F,0.001000000000000,269.768307542058039
120.661593652929,31.3082158660719,"24435706",5114,secondary,金山路,,B,0,0,F,F,0.006000000000000,269.768307542058039
120.668579775161,31.2511356638412,"24435706",5114,secondary,金山路,,B,0,0,F,F,0.001000000000000,274.289170103872607
120.663594968694,31.2515232190723,"24435706",5114,secondary,金山路,,B,0,0,F,F,0.006000000000000,275.708944105171724
120.660398214865,31.2508184948385,"24435706",5114,secondary,金山路,,B,0,0,F,F,0.001000000000000,165.505673977861534
120.661649635502,31.2459776326852,"24435706",5114,secondary,金山路,,B,0,0,F,F,0.006000000000000,165.505673977861534
120.662877403728,31.2411307956686,"24435706",5114,secondary,金山路,,B,0,0,F,F,0.011000000000000,166.140396900318194
120.660326272909,31.2977210691181,"24435706",5114,secondary,金山路,,B,0,0,F,F,0.001000000000000,183.271523678812343
120.666453791656,31.2984161806491,"24435706",5114,secondary,金山路,,B,0,0,F,F,0.001000000000000,268.467884027786511
120.661478398753,31.2988431396646,"24435706",5114,secondary,金山路,,B,0,0,F,F,0.006000000000000,271.169337526744300
120.661630778752,31.2945565188388,"24435706",5114,secondary,金山路,,B,0,0,F,F,0.001000000000000,95.954486226765766
120.666335685483,31.293006876311,"24435706",5114,secondary,金山路,,B,0,0,F,F,0.006000000000000,113.863328789674924
120.661943566761,31.2867057014177,"24435706",5114,secondary,金山路,,B,0,0,F,F,0.001000000000000,349.984787395247452
120.661051319839,31.291625395793,"24435706",5114,secondary,金山路,,B,0,0,F,F,0.006000000000000,349.470734810185718
120.669563902276,31.286359010891,"24435706",5114,secondary,金山路,,B,0,0,F,F,0.001000000000000,264.700118459581915
120.664585277831,31.2858971682472,"24435706",5114,secondary,金山路,,B,0,0,F,F,0.006000000000000,264.700118459581915
120.662285734977,31.2846386953367,"24435706",5114,secondary,金山路,,B,0,0,F,F,0.001000000000000,174.317430983556790
120.66266745879,31.2803572157326,"24435706",5114,secondary,金山路,,B,0,0,F,F,0.001000000000000,174.246797142797618
120.663441244062,31.275422721143,"24435706",5114,secondary,金山路,,B,0,0,F,F,0.006000000000000,168.924066377718304
120.664401792911,31.2705158539236,"24435706",5114,secondary,金山路,,B,0,0,F,F,0.011000000000000,168.924066377718304
120.668397772422,31.2820956372763,"24435706",5114,secondary,金山路,,B,0,0,F,F,0.001000000000000,263.196667220585539
120.671693213431,31.3307859491756,"24435706",5114,secondary,金山路,,B,0,0,F,F,0.001000000000000,257.672096129857096
120.666808504883,31.3297184181942,"24435706",5114,secondary,金山路,,B,0,0,F,F,0.006000000000000,257.672096129857096
120.664320856316,31.3279906028633,"24435706",5114,secondary,金山路,,B,0,0,F,F,0.001000000000000,167.902293853987317
120.668892590336,31.2667607658585,"24435706",5114,secondary,金山路,,B,0,0,F,F,0.001000000000000,267.141081138451796
120.672718708079,31.3245744781639,"24435706",5114,secondary,金山路,,B,0,0,F,F,0.001000000000000,259.335695604476200
120.667778690879,31.3238034293482,"24435706",5114,secondary,金山路,,B,0,0,F,F,0.006000000000000,261.254228416856733
120.665565125558,31.3224521478995,"24435706",5114,secondary,金山路,,B,0,0,F,F,0.001000000000000,168.686738870622349
120.673204670104,31.3221235572723,"24435706",5114,secondary,金山路,,B,0,0,F,F,0.001000000000000,234.801256447448196
120.668745000433,31.3201463969138,"24435706",5114,secondary,金山路,,B,0,0,F,F,0.006000000000000,260.300890940119075
120.6668507936,31.316478428598,"24435706",5114,secondary,金山路,,B,0,0,F,F,0.001000000000000,348.120564376019047
120.668074356388,31.3156225360668,"24435706",5114,secondary,金山路,,B,0,0,F,F,0.001000000000000,81.341474400474539
120.672986163806,31.3158875557376,"24435706",5114,secondary,金山路,,B,0,0,F,F,0.006000000000000,105.981218134206870
120.667286693211,31.314447839192,"24435706",5114,secondary,金山路,,B,0,0,F,F,0.001000000000000,168.894784702126685
120.6676487966,31.3094858800216,"24435706",5114,secondary,金山路,,B,0,0,F,F,0.006000000000000,180.536455158702722
120.667576749043,31.3072402708359,"24435706",5114,secondary,金山路,,B,0,0,F,F,0.001000000000000,180.965756299087843
120.667492474898,31.3022409810995,"24435706",5114,secondary,金山路,,B,0,0,F,F,0.006000000000000,180.965756299087843
120.668413167764,31.298446894059,"24435706",5114,secondary,金山路,,B,0,0,F,F,0.001000000000000,88.556236777640351
120.668636464337,31.3082567588969,"24435706",5114,secondary,金山路,,B,0,0,F,F,0.001000000000000,89.017573969183630
120.673634679938,31.3082465623205,"24435706",5114,secondary,金山路,,B,0,0,F,F,0.006000000000000,89.981353722459701
120.670545906918,31.2854199858797,"24435706",5114,secondary,金山路,,B,0,0,F,F,0.001000000000000,201.802391302699618
120.670075552373,31.2817298993138,"24435706",5114,secondary,金山路,,B,0,0,F,F,0.001000000000000,116.667810382419219
120.669920573345,31.2583180370387,"24435706",5114,secondary,金山路,,B,0,0,F,F,0.001000000000000,182.130165489856267
120.669720595857,31.2533222035144,"24435706",5114,secondary,金山路,,B,0,0,F,F,0.006000000000000,183.634083943203336
120.669487887939,31.2500623606386,"24435706",5114,secondary,金山路,,B,0,0,F,F,0.001000000000000,185.258013678231720
120.670395261587,31.2452757750622,"24435706",5114,secondary,金山路,,B,0,0,F,F,0.006000000000000,155.083738558250189
120.672126713248,31.2405949543881,"24435706",5114,secondary,金山路,,B,0,0,F,F,0.011000000000000,159.400280017469015
120.670577807857,31.2509995098186,"24435706",5114,secondary,金山路,,B,0,0,F,F,0.001000000000000,93.361921776492025
120.669871662922,31.265692373686,"24435706",5114,secondary,金山路,,B,0,0,F,F,0.001000000000000,180.773305251745427
120.670007936707,31.2606960827876,"24435706",5114,secondary,金山路,,B,0,0,F,F,0.006000000000000,181.017239037762067
120.67109575279,31.2592977493923,"24435706",5114,secondary,金山路,,B,0,0,F,F,0.001000000000000,89.584876023212260
120.676095621556,31.2593339754764,"24435706",5114,secondary,金山路,,B,0,0,F,F,0.006000000000000,89.584876023212260
120.680748252273,31.2577305043454,"24435706",5114,secondary,金山路,,B,0,0,F,F,0.011000000000000,114.328830847150797
120.6734117292,31.2780636834563,"24435706",5114,secondary,金山路,,B,0,0,F,F,0.001000000000000,196.570403939524994
120.671985762654,31.2732713333635,"24435706",5114,secondary,金山路,,B,0,0,F,F,0.006000000000000,196.570403939524994
120.670559796109,31.2684789832707,"24435706",5114,secondary,金山路,,B,0,0,F,F,0.011000000000000,196.570403939524994
120.671270587203,31.2669105561982,"24435706",5114,secondary,金山路,,B,0,0,F,F,0.001000000000000,85.656658035542179
120.676256227852,31.267289221378,"24435706",5114,secondary,金山路,,B,0,0,F,F,0.006000000000000,85.656658035542179
120.681241868501,31.2676678865577,"24435706",5114,secondary,金山路,,B,0,0,F,F,0.011000000000000,85.656658035542179
120.672048166821,31.2865936498197,"24435706",5114,secondary,金山路,,B,0,0,F,F,0.001000000000000,264.718891240552580
120.670705076778,31.2899807731195,"24435706",5114,secondary,金山路,,B,0,0,F,F,0.001000000000000,202.571738917318868
120.673451106412,31.2975003126178,"24435706",5114,secondary,金山路,,B,0,0,F,F,0.001000000000000,186.450424693537542
120.671924599836,31.2927751792439,"24435706",5114,secondary,金山路,,B,0,0,F,F,0.006000000000000,203.473509250459699
120.672515700891,31.2891466768838,"24435706",5114,secondary,金山路,,B,0,0,F,F,0.001000000000000,175.279272911903092
120.67256446138,31.332023572711,"24435706",5114,secondary,金山路,,B,0,0,F,F,0.001000000000000,350.389380123570504
120.679537435542,31.3356957769836,"24435706",5114,secondary,金山路,,B,0,0,F,F,0.001000000000000,257.023974180661810
120.674650256381,31.3346404124811,"24435706",5114,secondary,金山路,,B,0,0,F,F,0.006000000000000,258.958825421146457
120.678449210346,31.3422309301955,"24435706",5114,secondary,金山路,,B,0,0,F,F,0.001000000000000,249.837119803510461
120.673615348129,31.3409857498263,"24435706",5114,secondary,金山路,,B,0,0,F,F,0.006000000000000,249.357797644425659
120.672020705475,31.3367071983171,"24435706",5114,secondary,金山路,,B,0,0,F,F,0.011000000000000,177.994832728319778
120.672850415827,31.3299777063148,"24435706",5114,secondary,金山路,,B,0,0,F,F,0.001000000000000,170.005522379257314
120.673718824387,31.3311957800233,"24435706",5114,secondary,金山路,,B,0,0,F,F,0.001000000000000,80.899167073433475
120.678655881925,31.3319866421312,"24435706",5114,secondary,金山路,,B,0,0,F,F,0.006000000000000,80.899167073433475
120.683592939462,31.3327775042391,"24435706",5114,secondary,金山路,,B,0,0,F,F,0.011000000000000,80.899167073433475
120.688536860109,31.3335221635602,"24435706",5114,secondary,金山路,,B,0,0,F,F,0.016000000000000,82.202599211624076
120.69349063009,31.3342005166963,"24435706",5114,secondary,金山路,,B,0,0,F,F,0.021000000000000,82.202599211624076
120.673554701801,31.28593373469,"24435706",5114,secondary,金山路,,B,0,0,F,F,0.001000000000000,158.852327169295762
120.674328300643,31.2811363958846,"24435706",5114,secondary,金山路,,B,0,0,F,F,0.006000000000000,196.318194275982506
120.67477458999,31.3071846023484,"24435706",5114,secondary,金山路,,B,0,0,F,F,0.001000000000000,187.710624214220331
120.674103740297,31.3022298106586,"24435706",5114,secondary,金山路,,B,0,0,F,F,0.006000000000000,187.710624214220331
120.674685840553,31.298531231581,"24435706",5114,secondary,金山路,,B,0,0,F,F,0.001000000000000,91.940846983174723
120.679682972179,31.2983618931195,"24435706",5114,secondary,金山路,,B,0,0,F,F,0.006000000000000,91.940846983174723
120.684680103804,31.298192554658,"24435706",5114,secondary,金山路,,B,0,0,F,F,0.011000000000000,91.940846983174723
120.689677254351,31.2980322822388,"24435706",5114,secondary,金山路,,B,0,0,F,F,0.016000000000000,88.298304073906564
120.694643200877,31.2985614006965,"24435706",5114,secondary,金山路,,B,0,0,F,F,0.021000000000000,81.474173932744577
120.699587946566,31.299302676671,"24435706",5114,secondary,金山路,,B,0,0,F,F,0.026000000000000,81.474173932744577
120.704532692255,31.3000439526455,"24435706",5114,secondary,金山路,,B,0,0,F,F,0.031000000000000,81.474173932744577
120.67472024735,31.3248952744637,"24435706",5114,secondary,金山路,,B,0,0,F,F,0.001000000000000,80.900787425884701
120.679650535393,31.3257186625435,"24435706",5114,secondary,金山路,,B,0,0,F,F,0.006000000000000,75.607940316705950
120.684517190432,31.3268574768686,"24435706",5114,secondary,金山路,,B,0,0,F,F,0.011000000000000,78.847692333286119
120.689484310628,31.3272864056062,"24435706",5114,secondary,金山路,,B,0,0,F,F,0.016000000000000,101.634291230402127
120.673922309648,31.3237552450538,"24435706",5114,secondary,金山路,,B,0,0,F,F,0.001000000000000,169.077661316891209
120.674669221254,31.2784579136469,"24435706",5114,secondary,金山路,,B,0,0,F,F,0.001000000000000,131.304217404299067
120.678266185528,31.2749937605819,"24435706",5114,secondary,金山路,,B,0,0,F,F,0.006000000000000,137.008949351529878
120.681675606115,31.2713364594925,"24435706",5114,secondary,金山路,,B,0,0,F,F,0.011000000000000,137.008949351529878
120.674693162649,31.321855518309,"24435706",5114,secondary,金山路,,B,0,0,F,F,0.001000000000000,140.749769220183737
120.676188956931,31.3173157477317,"24435706",5114,secondary,金山路,,B,0,0,F,F,0.006000000000000,186.816516474982393
120.675702960744,31.3141227472782,"24435706",5114,secondary,金山路,,B,0,0,F,F,0.001000000000000,187.596533082154622
120.716462797202,31.3099295094318,"24435706",5114,secondary,金山路,,B,0,0,F,F,0.001000000000000,259.070159905115815
120.711583558625,31.3088561387135,"24435706",5114,secondary,金山路,,B,0,0,F,F,0.006000000000000,262.346162292873828
120.706593515759,31.3087433028711,"24435706",5114,secondary,金山路,,B,0,0,F,F,0.011000000000000,273.294370749292966
120.701599619585,31.3089549948143,"24435706",5114,secondary,金山路,,B,0,0,F,F,0.016000000000000,269.975390315752975
120.696607776534,31.3087150690595,"24435706",5114,secondary,金山路,,B,0,0,F,F,0.021000000000000,266.095323837086880
120.691619382912,31.3083745854801,"24435706",5114,secondary,金山路,,B,0,0,F,F,0.026000000000000,266.095323837086880
120.686622290522,31.3082910006482,"24435706",5114,secondary,金山路,,B,0,0,F,F,0.031000000000000,270.026009481234667
120.681622291037,31.3082932704035,"24435706",5114,secondary,金山路,,B,0,0,F,F,0.036000000000000,270.026009481234667
120.676622291552,31.3082955401589,"24435706",5114,secondary,金山路,,B,0,0,F,F,0.041000000000000,270.026009481234667
120.678638764275,31.3451327765209,"24435706",5114,secondary,金山路,,B,0,0,F,F,0.001000000000000,163.671152290049719
120.680386633813,31.3427806260491,"24435706",5114,secondary,金山路,,B,0,0,F,F,0.001000000000000,81.151922774254629
120.685327132125,31.343549701102,"24435706",5114,secondary,金山路,,B,0,0,F,F,0.006000000000000,81.151922774254629
120.690131732928,31.3448573982658,"24435706",5114,secondary,金山路,,B,0,0,F,F,0.011000000000000,69.013650007073281
120.67967481973,31.3415960235987,"24435706",5114,secondary,金山路,,B,0,0,F,F,0.001000000000000,164.778176218780771
120.694009760644,31.3415322344917,"24435706",5114,secondary,金山路,,B,0,0,F,F,0.001000000000000,257.398703287991680
120.689130201521,31.3404414078507,"24435706",5114,secondary,金山路,,B,0,0,F,F,0.006000000000000,257.398703287991680
120.684153412393,31.3401260572229,"24435706",5114,secondary,金山路,,B,0,0,F,F,0.011000000000000,268.801765711513383
120.680324842591,31.3370271588551,"24435706",5114,secondary,金山路,,B,0,0,F,F,0.001000000000000,354.681972737535318
120.697537865047,31.3392881760272,"24435706",5114,secondary,金山路,,B,0,0,F,F,0.001000000000000,259.340957426124930
120.692624138708,31.3383633552513,"24435706",5114,secondary,金山路,,B,0,0,F,F,0.006000000000000,259.340957426124930
120.687710412369,31.3374385344755,"24435706",5114,secondary,金山路,,B,0,0,F,F,0.011000000000000,259.340957426124930
120.682813646215,31.3364307305727,"24435706",5114,secondary,金山路,,B,0,0,F,F,0.016000000000000,257.556857245629885
120.682337615263,31.2561814921282,"24435706",5114,secondary,金山路,,B,0,0,F,F,0.001000000000000,163.465045067197650
120.684043066744,31.2544231948714,"24435706",5114,secondary,金山路,,B,0,0,F,F,0.001000000000000,83.718394795799341
120.683210330179,31.2532619414709,"24435706",5114,secondary,金山路,,B,0,0,F,F,0.001000000000000,163.162323291257820
120.684026326197,31.2671083391568,"24435706",5114,secondary,金山路,,B,0,0,F,F,0.001000000000000,117.074987875490748
120.687638949002,31.2636827497684,"24435706",5114,secondary,金山路,,B,0,0,F,F,0.006000000000000,136.913076191561743
